UID,GUID,ID,Name,Active,Manual,Type,IsNull,CreateDate,WBS,OutlineNumber,OutlineLevel,Priority,Start,Finish,Duration,ManualStart,ManualFinish,ManualDuration,DurationFormat,FreeformDurationFormat,Work,ResumeValid,EffortDriven,Recurring,OverAllocated,Estimated,Milestone,Summary,DisplayAsSummary,Critical,IsSubproject,IsSubprojectReadOnly,ExternalTask,EarlyStart,EarlyFinish,LateStart,LateFinish,StartVariance,FinishVariance,WorkVariance,FreeSlack,TotalSlack,StartSlack,FinishSlack,FixedCost,FixedCostAccrual,PercentComplete,PercentWorkComplete,Cost,OvertimeCost,OvertimeWork,ActualDuration,ActualCost,ActualOvertimeCost,ActualWork,ActualOvertimeWork,RegularWork,RemainingDuration,RemainingCost,RemainingWork,RemainingOvertimeCost,RemainingOvertimeWork,ACWP,CV,ConstraintType,CalendarUID,LevelAssignments,LevelingCanSplit,LevelingDelay,LevelingDelayFormat,IgnoreResourceCalendar,HideBar,Rollup,BCWS,BCWP,PhysicalPercentComplete,EarnedValueMethod,IsPublished,CommitmentType,Predecessors,Duration_Hours,ManualDuration_Hours,Work_Hours,ActualDuration_Hours,ActualWork_Hours,RemainingDuration_Hours,RemainingWork_Hours,OvertimeWork_Hours,ActualOvertimeWork_Hours,RegularWork_Hours
0,A5AE3129-42C4-F011-A214-DC45465D50BA,0,Commercial Construction,1,0,1,0,2025-11-18 16:46:00,0.0,0,0,500,2025-11-18 08:00:00,2027-03-12 17:00:00,PT2752H0M0S,2025-11-18 08:00:00,2027-03-12 17:00:00,PT2752H0M0S,21,7,PT7929H36M0S,0,0,0,0,0,0,1,0,1,0,0,0,2025-11-18 08:00:00,2027-03-12 17:00:00,2025-11-18 08:00:00,2027-03-12 17:00:00,0,0,475776000.00,0,0,0,0,0,3,0,0,0,0,PT0H0M0S,PT0H0M0S,0,0,PT0H0M0S,PT0H0M0S,PT7929H36M0S,PT2752H0M0S,0,PT7929H36M0S,0,PT0H0M0S,0.0,0.0,0,-1,1,1,0,8,0,0,0,0.0,0.0,0,0,0,0,,2752.0,2752.0,7929.6,0.0,0.0,2752.0,7929.6,0.0,0.0,7929.6
2,A6AE3129-42C4-F011-A214-DC45465D50BA,1,General Conditions,1,0,1,0,2000-02-22 06:10:00,1.0,1,1,500,2025-11-18 08:00:00,2025-12-10 17:00:00,PT136H0M0S,2025-11-18 08:00:00,2025-12-10 17:00:00,PT136H0M0S,21,7,PT193H36M0S,0,0,0,0,0,0,1,0,1,0,0,0,2025-11-18 08:00:00,2025-12-10 17:00:00,2025-11-18 08:00:00,2027-03-12 17:00:00,0,0,11616000.00,0,0,0,1569600,0,3,0,0,0,0,PT0H0M0S,PT0H0M0S,0,0,PT0H0M0S,PT0H0M0S,PT193H36M0S,PT136H0M0S,0,PT193H36M0S,0,PT0H0M0S,0.0,0.0,0,-1,1,1,0,8,0,0,1,0.0,0.0,0,0,0,0,,136.0,136.0,193.6,0.0,0.0,136.0,193.6,0.0,0.0,193.6
3,A7AE3129-42C4-F011-A214-DC45465D50BA,2,Receive notice to proceed and sign contract,1,0,0,0,2000-02-22 06:10:00,1.1,1.1,2,500,2025-11-18 08:00:00,2025-11-20 17:00:00,PT24H0M0S,2025-11-18 08:00:00,2025-11-20 17:00:00,PT24H0M0S,7,7,PT24H0M0S,0,1,0,0,0,0,0,0,1,0,0,0,2025-11-18 08:00:00,2025-11-20 17:00:00,2025-11-18 08:00:00,2025-11-20 17:00:00,0,0,1440000.00,0,0,0,0,0,3,0,0,0,0,PT0H0M0S,PT0H0M0S,0,0,PT0H0M0S,PT0H0M0S,PT24H0M0S,PT24H0M0S,0,PT24H0M0S,0,PT0H0M0S,0.0,0.0,0,-1,1,1,0,8,0,0,0,0.0,0.0,0,0,1,0,,24.0,24.0,24.0,0.0,0.0,24.0,24.0,0.0,0.0,24.0
4,A8AE3129-42C4-F011-A214-DC45465D50BA,3,Submit bond and insurance documents,1,0,0,0,2000-02-22 06:10:00,1.2,1.2,2,500,2025-11-21 08:00:00,2025-11-24 17:00:00,PT16H0M0S,2025-11-21 08:00:00,2025-11-24 17:00:00,PT16H0M0S,7,7,PT20H0M0S,0,1,0,0,0,0,0,0,0,0,0,0,2025-11-21 08:00:00,2025-11-24 17:00:00,2027-03-05 08:00:00,2027-03-08 17:00:00,0,0,1200000.00,0,1608000,1608000,1608000,0,3,0,0,0,0,PT0H0M0S,PT0H0M0S,0,0,PT0H0M0S,PT0H0M0S,PT20H0M0S,PT16H0M0S,0,PT20H0M0S,0,PT0H0M0S,0.0,0.0,0,-1,1,1,0,8,0,0,0,0.0,0.0,0,0,1,0,3,16.0,16.0,20.0,0.0,0.0,16.0,20.0,0.0,0.0,20.0
5,A9AE3129-42C4-F011-A214-DC45465D50BA,4,Prepare and submit project schedule,1,0,0,0,2000-02-22 06:10:00,1.3,1.3,2,500,2025-11-25 08:00:00,2025-11-26 17:00:00,PT16H0M0S,2025-11-25 08:00:00,2025-11-26 17:00:00,PT16H0M0S,7,7,PT20H0M0S,0,1,0,0,0,0,0,0,0,0,0,0,2025-11-25 08:00:00,2025-11-26 17:00:00,2027-03-09 08:00:00,2027-03-10 17:00:00,0,0,1200000.00,0,1608000,1608000,1608000,0,3,0,0,0,0,PT0H0M0S,PT0H0M0S,0,0,PT0H0M0S,PT0H0M0S,PT20H0M0S,PT16H0M0S,0,PT20H0M0S,0,PT0H0M0S,0.0,0.0,0,-1,1,1,0,8,0,0,0,0.0,0.0,0,0,1,0,4,16.0,16.0,20.0,0.0,0.0,16.0,20.0,0.0,0.0,20.0
6,AAAE3129-42C4-F011-A214-DC45465D50BA,5,Prepare and submit schedule of values,1,0,0,0,2000-02-22 06:10:00,1.4,1.4,2,500,2025-11-27 08:00:00,2025-11-28 17:00:00,PT16H0M0S,2025-11-27 08:00:00,2025-11-28 17:00:00,PT16H0M0S,7,7,PT17H36M0S,0,1,0,0,0,0,0,0,0,0,0,0,2025-11-27 08:00:00,2025-11-28 17:00:00,2027-03-11 08:00:00,2027-03-12 17:00:00,0,0,1056000.00,1608000,1608000,1608000,1608000,0,3,0,0,0,0,PT0H0M0S,PT0H0M0S,0,0,PT0H0M0S,PT0H0M0S,PT17H36M0S,PT16H0M0S,0,PT17H36M0S,0,PT0H0M0S,0.0,0.0,0,-1,1,1,0,8,0,0,0,0.0,0.0,0,0,1,0,5,16.0,16.0,17.6,0.0,0.0,16.0,17.6,0.0,0.0,17.6
7,ABAE3129-42C4-F011-A214-DC45465D50BA,6,Obtain building permits,1,0,0,0,2000-02-22 06:10:00,1.5,1.5,2,500,2025-11-21 08:00:00,2025-11-26 17:00:00,PT32H0M0S,2025-11-21 08:00:00,2025-11-26 17:00:00,PT32H0M0S,7,7,PT32H0M0S,0,1,0,0,0,0,0,0,0,0,0,0,2025-11-21 08:00:00,2025-11-26 17:00:00,2026-04-09 08:00:00,2026-04-14 17:00:00,0,0,1920000.00,0,475200,475200,475200,0,3,0,0,0,0,PT0H0M0S,PT0H0M0S,0,0,PT0H0M0S,PT0H0M0S,PT32H0M0S,PT32H0M0S,0,PT32H0M0S,0,PT0H0M0S,0.0,0.0,0,-1,1,1,0,8,0,0,0,0.0,0.0,0,0,1,0,3,32.0,32.0,32.0,0.0,0.0,32.0,32.0,0.0,0.0,32.0
8,ACAE3129-42C4-F011-A214-DC45465D50BA,7,Submit preliminary shop drawings,1,0,0,0,2000-02-22 06:10:00,1.6,1.6,2,500,2025-11-27 08:00:00,2025-12-10 17:00:00,PT80H0M0S,2025-11-27 08:00:00,2025-12-10 17:00:00,PT80H0M0S,9,7,PT80H0M0S,0,1,0,0,0,0,0,0,0,0,0,0,2025-11-27 08:00:00,2025-12-10 17:00:00,2026-04-15 08:00:00,2026-04-28 17:00:00,0,0,4800000.00,0,475200,475200,475200,0,3,0,0,0,0,PT0H0M0S,PT0H0M0S,0,0,PT0H0M0S,PT0H0M0S,PT80H0M0S,PT80H0M0S,0,PT80H0M0S,0,PT0H0M0S,0.0,0.0,0,-1,1,1,0,8,0,0,0,0.0,0.0,0,0,1,0,7,80.0,80.0,80.0,0.0,0.0,80.0,80.0,0.0,0.0,80.0
9,ADAE3129-42C4-F011-A214-DC45465D50BA,8,Submit monthly requests for payment,1,0,0,0,2000-02-22 06:10:00,1.7,1.7,2,500,2025-11-21 08:00:00,2025-11-21 17:00:00,PT8H0M0S,2025-11-21 08:00:00,2025-11-21 17:00:00,PT8H0M0S,7,7,PT0H0M0S,0,1,0,0,0,0,0,0,0,0,0,0,2025-11-21 08:00:00,2025-11-21 17:00:00,2025-12-02 08:00:00,2025-12-02 17:00:00,0,0,0.00,0,33600,33600,33600,0,3,0,0,0,0,PT0H0M0S,PT0H0M0S,0,0,PT0H0M0S,PT0H0M0S,PT0H0M0S,PT8H0M0S,0,PT0H0M0S,0,PT0H0M0S,0.0,0.0,0,-1,1,1,0,8,0,0,0,0.0,0.0,0,0,1,0,3,8.0,8.0,0.0,0.0,0.0,8.0,0.0,0.0,0.0,0.0
10,AEAE3129-42C4-F011-A214-DC45465D50BA,9,Long Lead Procurement,1,0,1,0,2000-02-22 06:10:00,2.0,2,1,500,2025-11-24 08:00:00,2026-02-27 17:00:00,PT560H0M0S,2025-11-24 08:00:00,2026-02-27 17:00:00,PT560H0M0S,21,7,PT960H0M0S,0,0,0,0,0,0,1,0,0,0,0,0,2025-11-24 08:00:00,2026-02-27 17:00:00,2025-12-03 08:00:00,2027-01-04 17:00:00,0,0,57600000.00,33600,33600,33600,1060800,0,3,0,0,0,0,PT0H0M0S,PT0H0M0S,0,0,PT0H0M0S,PT0H0M0S,PT960H0M0S,PT560H0M0S,0,PT960H0M0S,0,PT0H0M0S,0.0,0.0,0,-1,1,1,0,8,0,0,1,0.0,0.0,0,0,0,0,,560.0,560.0,960.0,0.0,0.0,560.0,960.0,0.0,0.0,960.0
11,AFAE3129-42C4-F011-A214-DC45465D50BA,10,Submit shop drawings and order long lead items - steel,1,0,0,0,2000-02-22 06:10:00,2.1,2.1,2,500,2025-11-24 08:00:00,2025-12-05 17:00:00,PT80H0M0S,2025-11-24 08:00:00,2025-12-05 17:00:00,PT80H0M0S,9,7,PT80H0M0S,0,1,0,0,0,0,0,0,0,0,0,0,2025-11-24 08:00:00,2025-12-05 17:00:00,2025-12-03 08:00:00,2025-12-16 17:00:00,0,0,4800000.00,0,33600,33600,33600,0,3,0,0,0,0,PT0H0M0S,PT0H0M0S,0,0,PT0H0M0S,PT0H0M0S,PT80H0M0S,PT80H0M0S,0,PT80H0M0S,0,PT0H0M0S,0.0,0.0,0,-1,1,1,0,8,0,0,0,0.0,0.0,0,0,1,0,9,80.0,80.0,80.0,0.0,0.0,80.0,80.0,0.0,0.0,80.0
12,B0AE3129-42C4-F011-A214-DC45465D50BA,11,Submit shop drawings and order long lead items - roofing,1,0,0,0,2000-02-22 06:10:00,2.2,2.2,2,500,2025-12-11 08:00:00,2025-12-24 17:00:00,PT80H0M0S,2025-12-11 08:00:00,2025-12-24 17:00:00,PT80H0M0S,9,7,PT80H0M0S,0,1,0,0,0,0,0,0,0,0,0,0,2025-12-11 08:00:00,2025-12-24 17:00:00,2026-12-22 08:00:00,2027-01-04 17:00:00,0,0,4800000.00,926400,1286400,1286400,1286400,0,3,0,0,0,0,PT0H0M0S,PT0H0M0S,0,0,PT0H0M0S,PT0H0M0S,PT80H0M0S,PT80H0M0S,0,PT80H0M0S,0,PT0H0M0S,0.0,0.0,0,-1,1,1,0,8,0,0,0,0.0,0.0,0,0,1,0,8,80.0,80.0,80.0,0.0,0.0,80.0,80.0,0.0,0.0,80.0
13,B1AE3129-42C4-F011-A214-DC45465D50BA,12,Submit shop drawings and order long lead items - elevator,1,0,0,0,2000-02-22 06:10:00,2.3,2.3,2,500,2025-12-11 08:00:00,2025-12-24 17:00:00,PT80H0M0S,2025-12-11 08:00:00,2025-12-24 17:00:00,PT80H0M0S,9,7,PT80H0M0S,0,1,0,0,0,0,0,0,0,0,0,0,2025-12-11 08:00:00,2025-12-24 17:00:00,2026-12-08 08:00:00,2026-12-21 17:00:00,0,0,4800000.00,499200,1238400,1238400,1238400,0,3,0,0,0,0,PT0H0M0S,PT0H0M0S,0,0,PT0H0M0S,PT0H0M0S,PT80H0M0S,PT80H0M0S,0,PT80H0M0S,0,PT0H0M0S,0.0,0.0,0,-1,1,1,0,8,0,0,0,0.0,0.0,0,0,1,0,8,80.0,80.0,80.0,0.0,0.0,80.0,80.0,0.0,0.0,80.0
14,B2AE3129-42C4-F011-A214-DC45465D50BA,13,Submit shop drawings and order long lead items - plumbing,1,0,0,0,2000-02-22 06:10:00,2.4,2.4,2,500,2025-12-11 08:00:00,2025-12-24 17:00:00,PT80H0M0S,2025-12-11 08:00:00,2025-12-24 17:00:00,PT80H0M0S,9,7,PT80H0M0S,0,1,0,0,0,0,0,0,0,0,0,0,2025-12-11 08:00:00,2025-12-24 17:00:00,2026-04-29 08:00:00,2026-05-12 17:00:00,0,0,4800000.00,475200,475200,475200,475200,0,3,0,0,0,0,PT0H0M0S,PT0H0M0S,0,0,PT0H0M0S,PT0H0M0S,PT80H0M0S,PT80H0M0S,0,PT80H0M0S,0,PT0H0M0S,0.0,0.0,0,-1,1,1,0,8,0,0,0,0.0,0.0,0,0,1,0,8,80.0,80.0,80.0,0.0,0.0,80.0,80.0,0.0,0.0,80.0
15,B3AE3129-42C4-F011-A214-DC45465D50BA,14,Submit shop drawings and order long lead items - electric,1,0,0,0,2000-02-22 06:10:00,2.5,2.5,2,500,2025-12-11 08:00:00,2025-12-24 17:00:00,PT80H0M0S,2025-12-11 08:00:00,2025-12-24 17:00:00,PT80H0M0S,9,7,PT80H0M0S,0,1,0,0,0,0,0,0,0,0,0,0,2025-12-11 08:00:00,2025-12-24 17:00:00,2026-04-29 08:00:00,2026-05-12 17:00:00,0,0,4800000.00,475200,475200,475200,475200,0,3,0,0,0,0,PT0H0M0S,PT0H0M0S,0,0,PT0H0M0S,PT0H0M0S,PT80H0M0S,PT80H0M0S,0,PT80H0M0S,0,PT0H0M0S,0.0,0.0,0,-1,1,1,0,8,0,0,0,0.0,0.0,0,0,1,0,8,80.0,80.0,80.0,0.0,0.0,80.0,80.0,0.0,0.0,80.0
16,B4AE3129-42C4-F011-A214-DC45465D50BA,15,Submit shop drawings and order long lead items - HVAC,1,0,0,0,2000-02-22 06:10:00,2.6,2.6,2,500,2025-12-11 08:00:00,2025-12-24 17:00:00,PT80H0M0S,2025-12-11 08:00:00,2025-12-24 17:00:00,PT80H0M0S,9,7,PT80H0M0S,0,1,0,0,0,0,0,0,0,0,0,0,2025-12-11 08:00:00,2025-12-24 17:00:00,2026-04-29 08:00:00,2026-05-12 17:00:00,0,0,4800000.00,475200,475200,475200,475200,0,3,0,0,0,0,PT0H0M0S,PT0H0M0S,0,0,PT0H0M0S,PT0H0M0S,PT80H0M0S,PT80H0M0S,0,PT80H0M0S,0,PT0H0M0S,0.0,0.0,0,-1,1,1,0,8,0,0,0,0.0,0.0,0,0,1,0,8,80.0,80.0,80.0,0.0,0.0,80.0,80.0,0.0,0.0,80.0
17,B5AE3129-42C4-F011-A214-DC45465D50BA,16,"Detail, fabricate and deliver steel",1,0,0,0,2000-02-22 06:10:00,2.7,2.7,2,500,2025-12-08 08:00:00,2026-02-27 17:00:00,PT480H0M0S,2025-12-08 08:00:00,2026-02-27 17:00:00,PT480H0M0S,9,7,PT480H0M0S,0,1,0,0,0,0,0,0,0,0,0,0,2025-12-08 08:00:00,2026-02-27 17:00:00,2025-12-17 08:00:00,2026-03-10 17:00:00,0,0,28800000.00,33600,33600,33600,33600,0,3,0,0,0,0,PT0H0M0S,PT0H0M0S,0,0,PT0H0M0S,PT0H0M0S,PT480H0M0S,PT480H0M0S,0,PT480H0M0S,0,PT0H0M0S,0.0,0.0,0,-1,1,1,0,8,0,0,0,0.0,0.0,0,0,1,0,11,480.0,480.0,480.0,0.0,0.0,480.0,480.0,0.0,0.0,480.0
18,B6AE3129-42C4-F011-A214-DC45465D50BA,17,Mobilize on Site,1,0,1,0,2000-02-22 06:10:00,3.0,3,1,500,2025-11-21 08:00:00,2025-12-04 17:00:00,PT80H0M0S,2025-11-21 08:00:00,2025-12-04 17:00:00,PT80H0M0S,21,7,PT100H0M0S,0,0,0,0,0,0,1,0,1,0,0,0,2025-11-21 08:00:00,2025-12-04 17:00:00,2025-11-21 08:00:00,2025-12-04 17:00:00,0,0,6000000.00,0,0,0,0,0,3,0,0,0,0,PT0H0M0S,PT0H0M0S,0,0,PT0H0M0S,PT0H0M0S,PT100H0M0S,PT80H0M0S,0,PT100H0M0S,0,PT0H0M0S,0.0,0.0,0,-1,1,1,0,8,0,0,1,0.0,0.0,0,0,0,0,,80.0,80.0,100.0,0.0,0.0,80.0,100.0,0.0,0.0,100.0
19,B7AE3129-42C4-F011-A214-DC45465D50BA,18,Install temporary power,1,0,0,0,2000-02-22 06:10:00,3.1,3.1,2,500,2025-11-21 08:00:00,2025-11-24 17:00:00,PT16H0M0S,2025-11-21 08:00:00,2025-11-24 17:00:00,PT16H0M0S,7,7,PT16H0M0S,0,1,0,0,0,0,0,0,1,0,0,0,2025-11-21 08:00:00,2025-11-24 17:00:00,2025-11-21 08:00:00,2025-11-24 17:00:00,0,0,960000.00,0,0,0,0,0,3,0,0,0,0,PT0H0M0S,PT0H0M0S,0,0,PT0H0M0S,PT0H0M0S,PT16H0M0S,PT16H0M0S,0,PT16H0M0S,0,PT0H0M0S,0.0,0.0,0,-1,1,1,0,8,0,0,0,0.0,0.0,0,0,1,0,3,16.0,16.0,16.0,0.0,0.0,16.0,16.0,0.0,0.0,16.0
20,B8AE3129-42C4-F011-A214-DC45465D50BA,19,Install temporary water service,1,0,0,0,2000-02-22 06:10:00,3.2,3.2,2,500,2025-11-21 08:00:00,2025-11-24 17:00:00,PT16H0M0S,2025-11-21 08:00:00,2025-11-24 17:00:00,PT16H0M0S,7,7,PT16H0M0S,0,1,0,0,0,0,0,0,1,0,0,0,2025-11-21 08:00:00,2025-11-24 17:00:00,2025-11-21 08:00:00,2025-11-24 17:00:00,0,0,960000.00,0,0,0,0,0,3,0,0,0,0,PT0H0M0S,PT0H0M0S,0,0,PT0H0M0S,PT0H0M0S,PT16H0M0S,PT16H0M0S,0,PT16H0M0S,0,PT0H0M0S,0.0,0.0,0,-1,1,1,0,8,0,0,0,0.0,0.0,0,0,1,0,3,16.0,16.0,16.0,0.0,0.0,16.0,16.0,0.0,0.0,16.0
21,B9AE3129-42C4-F011-A214-DC45465D50BA,20,Set up site office,1,0,0,0,2000-02-22 06:10:00,3.3,3.3,2,500,2025-11-25 08:00:00,2025-11-27 17:00:00,PT24H0M0S,2025-11-25 08:00:00,2025-11-27 17:00:00,PT24H0M0S,7,7,PT26H24M0S,0,1,0,0,0,0,0,0,1,0,0,0,2025-11-25 08:00:00,2025-11-27 17:00:00,2025-11-25 08:00:00,2025-11-27 17:00:00,0,0,1584000.00,0,0,0,0,0,3,0,0,0,0,PT0H0M0S,PT0H0M0S,0,0,PT0H0M0S,PT0H0M0S,PT26H24M0S,PT24H0M0S,0,PT26H24M0S,0,PT0H0M0S,0.0,0.0,0,-1,1,1,0,8,0,0,0,0.0,0.0,0,0,1,0,19;20,24.0,24.0,26.4,0.0,0.0,24.0,26.4,0.0,0.0,26.4
22,BAAE3129-42C4-F011-A214-DC45465D50BA,21,Set line and grade benchmarks,1,0,0,0,2000-02-22 06:10:00,3.4,3.4,2,500,2025-11-28 08:00:00,2025-12-02 17:00:00,PT24H0M0S,2025-11-28 08:00:00,2025-12-02 17:00:00,PT24H0M0S,7,7,PT24H0M0S,0,1,0,0,0,0,0,0,1,0,0,0,2025-11-28 08:00:00,2025-12-02 17:00:00,2025-11-28 08:00:00,2025-12-02 17:00:00,0,0,1440000.00,0,0,0,0,0,3,0,0,0,0,PT0H0M0S,PT0H0M0S,0,0,PT0H0M0S,PT0H0M0S,PT24H0M0S,PT24H0M0S,0,PT24H0M0S,0,PT0H0M0S,0.0,0.0,0,-1,1,1,0,8,0,0,0,0.0,0.0,0,0,1,0,21,24.0,24.0,24.0,0.0,0.0,24.0,24.0,0.0,0.0,24.0
23,BBAE3129-42C4-F011-A214-DC45465D50BA,22,Prepare site - lay down yard and temporary fencing,1,0,0,0,2000-02-22 06:10:00,3.5,3.5,2,500,2025-12-03 08:00:00,2025-12-04 17:00:00,PT16H0M0S,2025-12-03 08:00:00,2025-12-04 17:00:00,PT16H0M0S,7,7,PT17H36M0S,0,1,0,0,0,0,0,0,1,0,0,0,2025-12-03 08:00:00,2025-12-04 17:00:00,2025-12-03 08:00:00,2025-12-04 17:00:00,0,0,1056000.00,0,0,0,0,0,3,0,0,0,0,PT0H0M0S,PT0H0M0S,0,0,PT0H0M0S,PT0H0M0S,PT17H36M0S,PT16H0M0S,0,PT17H36M0S,0,PT0H0M0S,0.0,0.0,0,-1,1,1,0,8,0,0,0,0.0,0.0,0,0,1,0,22,16.0,16.0,17.6,0.0,0.0,16.0,17.6,0.0,0.0,17.6
24,BCAE3129-42C4-F011-A214-DC45465D50BA,23,Site Grading and Utilities,1,0,1,0,2000-02-22 06:10:00,4.0,4,1,500,2025-12-05 08:00:00,2026-01-22 17:00:00,PT280H0M0S,2025-12-05 08:00:00,2026-01-22 17:00:00,PT280H0M0S,21,7,PT360H0M0S,0,0,0,0,0,0,1,0,1,0,0,0,2025-12-05 08:00:00,2026-01-22 17:00:00,2025-12-05 08:00:00,2026-01-22 17:00:00,0,0,21600000.00,0,0,0,0,0,3,0,0,0,0,PT0H0M0S,PT0H0M0S,0,0,PT0H0M0S,PT0H0M0S,PT360H0M0S,PT280H0M0S,0,PT360H0M0S,0,PT0H0M0S,0.0,0.0,0,-1,1,1,0,8,0,0,1,0.0,0.0,0,0,0,0,,280.0,280.0,360.0,0.0,0.0,280.0,360.0,0.0,0.0,360.0
25,BDAE3129-42C4-F011-A214-DC45465D50BA,24,Clear and grub site,1,0,0,0,2000-02-22 06:10:00,4.1,4.1,2,500,2025-12-05 08:00:00,2025-12-09 17:00:00,PT24H0M0S,2025-12-05 08:00:00,2025-12-09 17:00:00,PT24H0M0S,7,7,PT24H0M0S,0,1,0,0,0,0,0,0,1,0,0,0,2025-12-05 08:00:00,2025-12-09 17:00:00,2025-12-05 08:00:00,2025-12-09 17:00:00,0,0,1440000.00,0,0,0,0,0,3,0,0,0,0,PT0H0M0S,PT0H0M0S,0,0,PT0H0M0S,PT0H0M0S,PT24H0M0S,PT24H0M0S,0,PT24H0M0S,0,PT0H0M0S,0.0,0.0,0,-1,1,1,0,8,0,0,0,0.0,0.0,0,0,1,0,21;23,24.0,24.0,24.0,0.0,0.0,24.0,24.0,0.0,0.0,24.0
26,BEAE3129-42C4-F011-A214-DC45465D50BA,25,Stone site access and temporary parking area,1,0,0,0,2000-02-22 06:10:00,4.2,4.2,2,500,2025-12-10 08:00:00,2025-12-11 17:00:00,PT16H0M0S,2025-12-10 08:00:00,2025-12-11 17:00:00,PT16H0M0S,7,7,PT16H0M0S,0,1,0,0,0,0,0,0,1,0,0,0,2025-12-10 08:00:00,2025-12-11 17:00:00,2025-12-10 08:00:00,2025-12-11 17:00:00,0,0,960000.00,0,0,0,0,0,3,0,0,0,0,PT0H0M0S,PT0H0M0S,0,0,PT0H0M0S,PT0H0M0S,PT16H0M0S,PT16H0M0S,0,PT16H0M0S,0,PT0H0M0S,0.0,0.0,0,-1,1,1,0,8,0,0,0,0.0,0.0,0,0,1,0,25;23,16.0,16.0,16.0,0.0,0.0,16.0,16.0,0.0,0.0,16.0
27,BFAE3129-42C4-F011-A214-DC45465D50BA,26,Rough grade site (cut and fill),1,0,0,0,2000-02-22 06:10:00,4.3,4.3,2,500,2025-12-12 08:00:00,2025-12-18 17:00:00,PT40H0M0S,2025-12-12 08:00:00,2025-12-18 17:00:00,PT40H0M0S,9,7,PT40H0M0S,0,1,0,0,0,0,0,0,1,0,0,0,2025-12-12 08:00:00,2025-12-18 17:00:00,2025-12-12 08:00:00,2025-12-18 17:00:00,0,0,2400000.00,0,0,0,0,0,3,0,0,0,0,PT0H0M0S,PT0H0M0S,0,0,PT0H0M0S,PT0H0M0S,PT40H0M0S,PT40H0M0S,0,PT40H0M0S,0,PT0H0M0S,0.0,0.0,0,-1,1,1,0,8,0,0,0,0.0,0.0,0,0,1,0,26,40.0,40.0,40.0,0.0,0.0,40.0,40.0,0.0,0.0,40.0
28,C0AE3129-42C4-F011-A214-DC45465D50BA,27,Install storm drainage,1,0,0,0,2000-02-22 06:10:00,4.4,4.4,2,500,2025-12-19 08:00:00,2026-01-01 17:00:00,PT80H0M0S,2025-12-19 08:00:00,2026-01-01 17:00:00,PT80H0M0S,9,7,PT80H0M0S,0,1,0,0,0,0,0,0,0,0,0,0,2025-12-19 08:00:00,2026-01-01 17:00:00,2026-01-01 08:00:00,2026-01-14 17:00:00,0,0,4800000.00,43200,43200,43200,43200,0,3,0,0,0,0,PT0H0M0S,PT0H0M0S,0,0,PT0H0M0S,PT0H0M0S,PT80H0M0S,PT80H0M0S,0,PT80H0M0S,0,PT0H0M0S,0.0,0.0,0,-1,1,1,0,8,0,0,0,0.0,0.0,0,0,1,0,27,80.0,80.0,80.0,0.0,0.0,80.0,80.0,0.0,0.0,80.0
29,C1AE3129-42C4-F011-A214-DC45465D50BA,28,Install exterior fire line and building fire riser,1,0,0,0,2000-02-22 06:10:00,4.5,4.5,2,500,2025-12-19 08:00:00,2026-01-01 17:00:00,PT80H0M0S,2025-12-19 08:00:00,2026-01-01 17:00:00,PT80H0M0S,9,7,PT80H0M0S,0,1,0,0,0,0,0,0,1,0,0,0,2025-12-19 08:00:00,2026-01-01 17:00:00,2025-12-19 08:00:00,2026-01-01 17:00:00,0,0,4800000.00,0,0,0,0,0,3,0,0,0,0,PT0H0M0S,PT0H0M0S,0,0,PT0H0M0S,PT0H0M0S,PT80H0M0S,PT80H0M0S,0,PT80H0M0S,0,PT0H0M0S,0.0,0.0,0,-1,1,1,0,8,0,0,0,0.0,0.0,0,0,1,0,27,80.0,80.0,80.0,0.0,0.0,80.0,80.0,0.0,0.0,80.0
30,C2AE3129-42C4-F011-A214-DC45465D50BA,29,Perform final site grading,1,0,0,0,2000-02-22 06:10:00,4.6,4.6,2,500,2026-01-02 08:00:00,2026-01-15 17:00:00,PT80H0M0S,2026-01-02 08:00:00,2026-01-15 17:00:00,PT80H0M0S,9,7,PT80H0M0S,0,1,0,0,0,0,0,0,1,0,0,0,2026-01-02 08:00:00,2026-01-15 17:00:00,2026-01-02 08:00:00,2026-01-15 17:00:00,0,0,4800000.00,0,0,0,0,0,3,0,0,0,0,PT0H0M0S,PT0H0M0S,0,0,PT0H0M0S,PT0H0M0S,PT80H0M0S,PT80H0M0S,0,PT80H0M0S,0,PT0H0M0S,0.0,0.0,0,-1,1,1,0,8,0,0,0,0.0,0.0,0,0,1,0,28;29,80.0,80.0,80.0,0.0,0.0,80.0,80.0,0.0,0.0,80.0
31,C3AE3129-42C4-F011-A214-DC45465D50BA,30,Erect building batter boards and layout building,1,0,0,0,2000-02-22 06:10:00,4.7,4.7,2,500,2026-01-16 08:00:00,2026-01-22 17:00:00,PT40H0M0S,2026-01-16 08:00:00,2026-01-22 17:00:00,PT40H0M0S,9,7,PT40H0M0S,0,1,0,0,0,0,0,0,1,0,0,0,2026-01-16 08:00:00,2026-01-22 17:00:00,2026-01-16 08:00:00,2026-01-22 17:00:00,0,0,2400000.00,0,0,0,0,0,3,0,0,0,0,PT0H0M0S,PT0H0M0S,0,0,PT0H0M0S,PT0H0M0S,PT40H0M0S,PT40H0M0S,0,PT40H0M0S,0,PT0H0M0S,0.0,0.0,0,-1,1,1,0,8,0,0,0,0.0,0.0,0,0,1,0,30,40.0,40.0,40.0,0.0,0.0,40.0,40.0,0.0,0.0,40.0
32,C4AE3129-42C4-F011-A214-DC45465D50BA,31,Foundations,1,0,1,0,2000-02-22 06:10:00,5.0,5,1,500,2026-01-23 08:00:00,2026-03-10 17:00:00,PT264H0M0S,2026-01-23 08:00:00,2026-03-10 17:00:00,PT264H0M0S,21,7,PT332H0M0S,0,0,0,0,0,0,1,0,1,0,0,0,2026-01-23 08:00:00,2026-03-10 17:00:00,2026-01-23 08:00:00,2026-12-21 17:00:00,0,0,19920000.00,0,0,0,979200,0,3,0,0,0,0,PT0H0M0S,PT0H0M0S,0,0,PT0H0M0S,PT0H0M0S,PT332H0M0S,PT264H0M0S,0,PT332H0M0S,0,PT0H0M0S,0.0,0.0,0,-1,1,1,0,8,0,0,1,0.0,0.0,0,0,0,0,,264.0,264.0,332.0,0.0,0.0,264.0,332.0,0.0,0.0,332.0
33,C5AE3129-42C4-F011-A214-DC45465D50BA,32,Excavate foundations,1,0,0,0,2000-02-22 06:10:00,5.1,5.1,2,500,2026-01-23 08:00:00,2026-02-05 17:00:00,PT80H0M0S,2026-01-23 08:00:00,2026-02-05 17:00:00,PT80H0M0S,9,7,PT40H0M0S,0,1,0,0,0,0,0,0,1,0,0,0,2026-01-23 08:00:00,2026-02-05 17:00:00,2026-01-23 08:00:00,2026-02-05 17:00:00,0,0,2400000.00,0,0,0,0,0,3,0,0,0,0,PT0H0M0S,PT0H0M0S,0,0,PT0H0M0S,PT0H0M0S,PT40H0M0S,PT80H0M0S,0,PT40H0M0S,0,PT0H0M0S,0.0,0.0,0,-1,1,1,0,8,0,0,0,0.0,0.0,0,0,1,0,31,80.0,80.0,40.0,0.0,0.0,80.0,40.0,0.0,0.0,40.0
34,C6AE3129-42C4-F011-A214-DC45465D50BA,33,Excavate elevator pit,1,0,0,0,2000-02-22 06:10:00,5.2,5.2,2,500,2026-01-23 08:00:00,2026-01-26 17:00:00,PT16H0M0S,2026-01-23 08:00:00,2026-01-26 17:00:00,PT16H0M0S,7,7,PT16H0M0S,0,1,0,0,0,0,0,0,0,0,0,0,2026-01-23 08:00:00,2026-01-26 17:00:00,2026-11-19 08:00:00,2026-11-20 17:00:00,0,0,960000.00,0,1027200,1027200,1027200,0,3,0,0,0,0,PT0H0M0S,PT0H0M0S,0,0,PT0H0M0S,PT0H0M0S,PT16H0M0S,PT16H0M0S,0,PT16H0M0S,0,PT0H0M0S,0.0,0.0,0,-1,1,1,0,8,0,0,0,0.0,0.0,0,0,1,0,31,16.0,16.0,16.0,0.0,0.0,16.0,16.0,0.0,0.0,16.0
35,C7AE3129-42C4-F011-A214-DC45465D50BA,34,Form column piers and spread foundations,1,0,0,0,2000-02-22 06:10:00,5.3,5.3,2,500,2026-02-06 08:00:00,2026-02-11 17:00:00,PT32H0M0S,2026-02-06 08:00:00,2026-02-11 17:00:00,PT32H0M0S,7,7,PT32H0M0S,0,1,0,0,0,0,0,0,1,0,0,0,2026-02-06 08:00:00,2026-02-11 17:00:00,2026-02-06 08:00:00,2026-02-11 17:00:00,0,0,1920000.00,0,0,0,0,0,3,0,0,0,0,PT0H0M0S,PT0H0M0S,0,0,PT0H0M0S,PT0H0M0S,PT32H0M0S,PT32H0M0S,0,PT32H0M0S,0,PT0H0M0S,0.0,0.0,0,-1,1,1,0,8,0,0,0,0.0,0.0,0,0,1,0,33,32.0,32.0,32.0,0.0,0.0,32.0,32.0,0.0,0.0,32.0
36,C8AE3129-42C4-F011-A214-DC45465D50BA,35,Rough-in electric and plumbing in elevator,1,0,0,0,2000-02-22 06:10:00,5.4,5.4,2,500,2026-01-27 08:00:00,2026-01-30 17:00:00,PT32H0M0S,2026-01-27 08:00:00,2026-01-30 17:00:00,PT32H0M0S,7,7,PT64H0M0S,0,1,0,0,0,0,0,0,0,0,0,0,2026-01-27 08:00:00,2026-01-30 17:00:00,2026-11-23 08:00:00,2026-11-26 17:00:00,0,0,3840000.00,0,1027200,1027200,1027200,0,3,0,0,0,0,PT0H0M0S,PT0H0M0S,0,0,PT0H0M0S,PT0H0M0S,PT64H0M0S,PT32H0M0S,0,PT64H0M0S,0,PT0H0M0S,0.0,0.0,0,-1,1,1,0,8,0,0,0,0.0,0.0,0,0,1,0,34,32.0,32.0,64.0,0.0,0.0,32.0,64.0,0.0,0.0,64.0
37,C9AE3129-42C4-F011-A214-DC45465D50BA,36,Form elevator pit walls,1,0,0,0,2000-02-22 06:10:00,5.5,5.5,2,500,2026-02-02 08:00:00,2026-02-05 17:00:00,PT32H0M0S,2026-02-02 08:00:00,2026-02-05 17:00:00,PT32H0M0S,7,7,PT32H0M0S,0,1,0,0,0,0,0,0,0,0,0,0,2026-02-02 08:00:00,2026-02-05 17:00:00,2026-11-27 08:00:00,2026-12-02 17:00:00,0,0,1920000.00,0,1027200,1027200,1027200,0,3,0,0,0,0,PT0H0M0S,PT0H0M0S,0,0,PT0H0M0S,PT0H0M0S,PT32H0M0S,PT32H0M0S,0,PT32H0M0S,0,PT0H0M0S,0.0,0.0,0,-1,1,1,0,8,0,0,0,0.0,0.0,0,0,1,0,36,32.0,32.0,32.0,0.0,0.0,32.0,32.0,0.0,0.0,32.0
38,CAAE3129-42C4-F011-A214-DC45465D50BA,37,Set reinforcing and anchor bolts,1,0,0,0,2000-02-22 06:10:00,5.6,5.6,2,500,2026-02-12 08:00:00,2026-02-17 17:00:00,PT32H0M0S,2026-02-12 08:00:00,2026-02-17 17:00:00,PT32H0M0S,7,7,PT32H0M0S,0,1,0,0,0,0,0,0,1,0,0,0,2026-02-12 08:00:00,2026-02-17 17:00:00,2026-02-12 08:00:00,2026-02-17 17:00:00,0,0,1920000.00,0,0,0,0,0,3,0,0,0,0,PT0H0M0S,PT0H0M0S,0,0,PT0H0M0S,PT0H0M0S,PT32H0M0S,PT32H0M0S,0,PT32H0M0S,0,PT0H0M0S,0.0,0.0,0,-1,1,1,0,8,0,0,0,0.0,0.0,0,0,1,0,35,32.0,32.0,32.0,0.0,0.0,32.0,32.0,0.0,0.0,32.0
39,CBAE3129-42C4-F011-A214-DC45465D50BA,38,Pour column piers and foundations,1,0,0,0,2000-02-22 06:10:00,5.7,5.7,2,500,2026-02-18 08:00:00,2026-02-24 17:00:00,PT40H0M0S,2026-02-18 08:00:00,2026-02-24 17:00:00,PT40H0M0S,7,7,PT40H0M0S,0,1,0,0,0,0,0,0,1,0,0,0,2026-02-18 08:00:00,2026-02-24 17:00:00,2026-02-18 08:00:00,2026-02-24 17:00:00,0,0,2400000.00,0,0,0,0,0,3,0,0,0,0,PT0H0M0S,PT0H0M0S,0,0,PT0H0M0S,PT0H0M0S,PT40H0M0S,PT40H0M0S,0,PT40H0M0S,0,PT0H0M0S,0.0,0.0,0,-1,1,1,0,8,0,0,0,0.0,0.0,0,0,1,0,38,40.0,40.0,40.0,0.0,0.0,40.0,40.0,0.0,0.0,40.0
40,CCAE3129-42C4-F011-A214-DC45465D50BA,39,Pour concrete elevator walls,1,0,0,0,2000-02-22 06:10:00,5.8,5.8,2,500,2026-02-06 08:00:00,2026-02-06 17:00:00,PT8H0M0S,2026-02-06 08:00:00,2026-02-06 17:00:00,PT8H0M0S,7,7,PT8H0M0S,0,1,0,0,0,0,0,0,0,0,0,0,2026-02-06 08:00:00,2026-02-06 17:00:00,2026-12-03 08:00:00,2026-12-03 17:00:00,0,0,480000.00,0,1027200,1027200,1027200,0,3,0,0,0,0,PT0H0M0S,PT0H0M0S,0,0,PT0H0M0S,PT0H0M0S,PT8H0M0S,PT8H0M0S,0,PT8H0M0S,0,PT0H0M0S,0.0,0.0,0,-1,1,1,0,8,0,0,0,0.0,0.0,0,0,1,0,37,8.0,8.0,8.0,0.0,0.0,8.0,8.0,0.0,0.0,8.0
41,CDAE3129-42C4-F011-A214-DC45465D50BA,40,Cure elevator wall concrete,1,0,0,0,2000-02-22 06:10:00,5.9,5.9,2,500,2026-02-09 08:00:00,2026-02-17 17:00:00,PT56H0M0S,2026-02-09 08:00:00,2026-02-17 17:00:00,PT56H0M0S,7,7,PT5H36M0S,0,1,0,0,0,0,0,0,0,0,0,0,2026-02-09 08:00:00,2026-02-17 17:00:00,2026-12-04 08:00:00,2026-12-14 17:00:00,0,0,336000.00,0,1027200,1027200,1027200,0,3,0,0,0,0,PT0H0M0S,PT0H0M0S,0,0,PT0H0M0S,PT0H0M0S,PT5H36M0S,PT56H0M0S,0,PT5H36M0S,0,PT0H0M0S,0.0,0.0,0,-1,1,1,0,8,0,0,0,0.0,0.0,0,0,1,0,40,56.0,56.0,5.6,0.0,0.0,56.0,5.6,0.0,0.0,5.6
42,CEAE3129-42C4-F011-A214-DC45465D50BA,41,Cure piers and foundations,1,0,0,0,2000-02-22 06:10:00,5.1,5.10,2,500,2026-02-25 08:00:00,2026-03-05 17:00:00,PT56H0M0S,2026-02-25 08:00:00,2026-03-05 17:00:00,PT56H0M0S,7,7,PT5H36M0S,0,1,0,0,0,0,0,0,1,0,0,0,2026-02-25 08:00:00,2026-03-05 17:00:00,2026-02-25 08:00:00,2026-03-05 17:00:00,0,0,336000.00,0,0,0,0,0,3,0,0,0,0,PT0H0M0S,PT0H0M0S,0,0,PT0H0M0S,PT0H0M0S,PT5H36M0S,PT56H0M0S,0,PT5H36M0S,0,PT0H0M0S,0.0,0.0,0,-1,1,1,0,8,0,0,0,0.0,0.0,0,0,1,0,39,56.0,56.0,5.6,0.0,0.0,56.0,5.6,0.0,0.0,5.6
43,CFAE3129-42C4-F011-A214-DC45465D50BA,42,Strip wall forms,1,0,0,0,2000-02-22 06:10:00,5.11,5.11,2,500,2026-02-18 08:00:00,2026-02-18 17:00:00,PT8H0M0S,2026-02-18 08:00:00,2026-02-18 17:00:00,PT8H0M0S,7,7,PT0H48M0S,0,1,0,0,0,0,0,0,0,0,0,0,2026-02-18 08:00:00,2026-02-18 17:00:00,2026-12-15 08:00:00,2026-12-15 17:00:00,0,0,48000.00,0,1027200,1027200,1027200,0,3,0,0,0,0,PT0H0M0S,PT0H0M0S,0,0,PT0H0M0S,PT0H0M0S,PT0H48M0S,PT8H0M0S,0,PT0H48M0S,0,PT0H0M0S,0.0,0.0,0,-1,1,1,0,8,0,0,0,0.0,0.0,0,0,1,0,41,8.0,8.0,0.8,0.0,0.0,8.0,0.8,0.0,0.0,0.8
44,D0AE3129-42C4-F011-A214-DC45465D50BA,43,Strip column piers and foundation forms,1,0,0,0,2000-02-22 06:10:00,5.12,5.12,2,500,2026-03-06 08:00:00,2026-03-10 17:00:00,PT24H0M0S,2026-03-06 08:00:00,2026-03-10 17:00:00,PT24H0M0S,7,7,PT24H0M0S,0,1,0,0,0,0,0,0,1,0,0,0,2026-03-06 08:00:00,2026-03-10 17:00:00,2026-03-06 08:00:00,2026-03-10 17:00:00,0,0,1440000.00,0,0,0,0,0,3,0,0,0,0,PT0H0M0S,PT0H0M0S,0,0,PT0H0M0S,PT0H0M0S,PT24H0M0S,PT24H0M0S,0,PT24H0M0S,0,PT0H0M0S,0.0,0.0,0,-1,1,1,0,8,0,0,0,0.0,0.0,0,0,1,0,42,24.0,24.0,24.0,0.0,0.0,24.0,24.0,0.0,0.0,24.0
45,D1AE3129-42C4-F011-A214-DC45465D50BA,44,Install pneumatic tube in elevator pit,1,0,0,0,2000-02-22 06:10:00,5.13,5.13,2,500,2026-02-19 08:00:00,2026-02-23 17:00:00,PT24H0M0S,2026-02-19 08:00:00,2026-02-23 17:00:00,PT24H0M0S,7,7,PT24H0M0S,0,1,0,0,0,0,0,0,0,0,0,0,2026-02-19 08:00:00,2026-02-23 17:00:00,2026-12-16 08:00:00,2026-12-18 17:00:00,0,0,1440000.00,0,1027200,1027200,1027200,0,3,0,0,0,0,PT0H0M0S,PT0H0M0S,0,0,PT0H0M0S,PT0H0M0S,PT24H0M0S,PT24H0M0S,0,PT24H0M0S,0,PT0H0M0S,0.0,0.0,0,-1,1,1,0,8,0,0,0,0.0,0.0,0,0,1,0,43,24.0,24.0,24.0,0.0,0.0,24.0,24.0,0.0,0.0,24.0
46,D2AE3129-42C4-F011-A214-DC45465D50BA,45,Prepare and pour concrete floor in elevator pit,1,0,0,0,2000-02-22 06:10:00,5.14,5.14,2,500,2026-02-24 08:00:00,2026-02-24 17:00:00,PT8H0M0S,2026-02-24 08:00:00,2026-02-24 17:00:00,PT8H0M0S,7,7,PT8H0M0S,0,1,0,0,0,0,0,0,0,0,0,0,2026-02-24 08:00:00,2026-02-24 17:00:00,2026-12-21 08:00:00,2026-12-21 17:00:00,0,0,480000.00,288000,1027200,1027200,1027200,0,3,0,0,0,0,PT0H0M0S,PT0H0M0S,0,0,PT0H0M0S,PT0H0M0S,PT8H0M0S,PT8H0M0S,0,PT8H0M0S,0,PT0H0M0S,0.0,0.0,0,-1,1,1,0,8,0,0,0,0.0,0.0,0,0,1,0,45,8.0,8.0,8.0,0.0,0.0,8.0,8.0,0.0,0.0,8.0
47,D3AE3129-42C4-F011-A214-DC45465D50BA,46,Steel Erection,1,0,1,0,2000-02-22 06:10:00,6.0,6,1,500,2026-03-11 08:00:00,2026-05-12 17:00:00,PT360H0M0S,2026-03-11 08:00:00,2026-05-12 17:00:00,PT360H0M0S,21,7,PT328H0M0S,0,0,0,0,0,0,1,0,1,0,0,0,2026-03-11 08:00:00,2026-05-12 17:00:00,2026-03-11 08:00:00,2026-11-23 17:00:00,0,0,19680000.00,0,0,0,667200,0,3,0,0,0,0,PT0H0M0S,PT0H0M0S,0,0,PT0H0M0S,PT0H0M0S,PT328H0M0S,PT360H0M0S,0,PT328H0M0S,0,PT0H0M0S,0.0,0.0,0,-1,1,1,0,8,0,0,1,0.0,0.0,0,0,0,0,,360.0,360.0,328.0,0.0,0.0,360.0,328.0,0.0,0.0,328.0
48,D4AE3129-42C4-F011-A214-DC45465D50BA,47,"Erect steel columns, beams and joist - 1st and 2nd floors",1,0,0,0,2000-02-22 06:10:00,6.1,6.1,2,500,2026-03-11 08:00:00,2026-03-24 17:00:00,PT80H0M0S,2026-03-11 08:00:00,2026-03-24 17:00:00,PT80H0M0S,9,7,PT80H0M0S,0,1,0,0,0,0,0,0,1,0,0,0,2026-03-11 08:00:00,2026-03-24 17:00:00,2026-03-11 08:00:00,2026-03-24 17:00:00,0,0,4800000.00,0,0,0,0,0,3,0,0,0,0,PT0H0M0S,PT0H0M0S,0,0,PT0H0M0S,PT0H0M0S,PT80H0M0S,PT80H0M0S,0,PT80H0M0S,0,PT0H0M0S,0.0,0.0,0,-1,1,1,0,8,0,0,0,0.0,0.0,0,0,1,0,44;17,80.0,80.0,80.0,0.0,0.0,80.0,80.0,0.0,0.0,80.0
49,D5AE3129-42C4-F011-A214-DC45465D50BA,48,"Erect steel columns, beams and joist - 3rd floor and roof",1,0,0,0,2000-02-22 06:10:00,6.2,6.2,2,500,2026-03-25 08:00:00,2026-04-07 17:00:00,PT80H0M0S,2026-03-25 08:00:00,2026-04-07 17:00:00,PT80H0M0S,9,7,PT80H0M0S,0,1,0,0,0,0,0,0,1,0,0,0,2026-03-25 08:00:00,2026-04-07 17:00:00,2026-03-25 08:00:00,2026-04-07 17:00:00,0,0,4800000.00,0,0,0,0,0,3,0,0,0,0,PT0H0M0S,PT0H0M0S,0,0,PT0H0M0S,PT0H0M0S,PT80H0M0S,PT80H0M0S,0,PT80H0M0S,0,PT0H0M0S,0.0,0.0,0,-1,1,1,0,8,0,0,0,0.0,0.0,0,0,1,0,48,80.0,80.0,80.0,0.0,0.0,80.0,80.0,0.0,0.0,80.0
50,D6AE3129-42C4-F011-A214-DC45465D50BA,49,Install miscellaneous iron and bracing - 1st and 2nd floors,1,0,0,0,2000-02-22 06:10:00,6.3,6.3,2,500,2026-03-25 08:00:00,2026-04-07 17:00:00,PT80H0M0S,2026-03-25 08:00:00,2026-04-07 17:00:00,PT80H0M0S,9,7,PT60H0M0S,0,1,0,0,0,0,0,0,0,0,0,0,2026-03-25 08:00:00,2026-04-07 17:00:00,2026-11-10 08:00:00,2026-11-23 17:00:00,0,0,3600000.00,48000,787200,787200,787200,0,3,0,0,0,0,PT0H0M0S,PT0H0M0S,0,0,PT0H0M0S,PT0H0M0S,PT60H0M0S,PT80H0M0S,0,PT60H0M0S,0,PT0H0M0S,0.0,0.0,0,-1,1,1,0,8,0,0,0,0.0,0.0,0,0,1,0,48,80.0,80.0,60.0,0.0,0.0,80.0,60.0,0.0,0.0,60.0
51,D7AE3129-42C4-F011-A214-DC45465D50BA,50,Install miscellaneous iron and bracing - 3rd floor and roof,1,0,0,0,2000-02-22 06:10:00,6.4,6.4,2,500,2026-04-08 08:00:00,2026-04-21 17:00:00,PT80H0M0S,2026-04-08 08:00:00,2026-04-21 17:00:00,PT80H0M0S,9,7,PT60H0M0S,0,1,0,0,0,0,0,0,1,0,0,0,2026-04-08 08:00:00,2026-04-21 17:00:00,2026-04-08 08:00:00,2026-04-21 17:00:00,0,0,3600000.00,0,0,0,0,0,3,0,0,0,0,PT0H0M0S,PT0H0M0S,0,0,PT0H0M0S,PT0H0M0S,PT60H0M0S,PT80H0M0S,0,PT60H0M0S,0,PT0H0M0S,0.0,0.0,0,-1,1,1,0,8,0,0,0,0.0,0.0,0,0,1,0,49,80.0,80.0,60.0,0.0,0.0,80.0,60.0,0.0,0.0,60.0
52,D8AE3129-42C4-F011-A214-DC45465D50BA,51,Install stairs and miscellaneous iron railing,1,0,0,0,2000-02-22 06:10:00,6.5,6.5,2,500,2026-04-22 08:00:00,2026-05-05 17:00:00,PT80H0M0S,2026-04-22 08:00:00,2026-05-05 17:00:00,PT80H0M0S,9,7,PT40H0M0S,0,1,0,0,0,0,0,0,1,0,0,0,2026-04-22 08:00:00,2026-05-05 17:00:00,2026-04-22 08:00:00,2026-05-05 17:00:00,0,0,2400000.00,0,0,0,0,0,3,0,0,0,0,PT0H0M0S,PT0H0M0S,0,0,PT0H0M0S,PT0H0M0S,PT40H0M0S,PT80H0M0S,0,PT40H0M0S,0,PT0H0M0S,0.0,0.0,0,-1,1,1,0,8,0,0,0,0.0,0.0,0,0,1,0,51,80.0,80.0,40.0,0.0,0.0,80.0,40.0,0.0,0.0,40.0
53,D9AE3129-42C4-F011-A214-DC45465D50BA,52,Touch-up paint on steel,1,0,0,0,2000-02-22 06:10:00,6.6,6.6,2,500,2026-05-06 08:00:00,2026-05-12 17:00:00,PT40H0M0S,2026-05-06 08:00:00,2026-05-12 17:00:00,PT40H0M0S,9,7,PT8H0M0S,0,1,0,0,0,0,0,0,1,0,0,0,2026-05-06 08:00:00,2026-05-12 17:00:00,2026-05-06 08:00:00,2026-05-12 17:00:00,0,0,480000.00,0,0,0,0,0,3,0,0,0,0,PT0H0M0S,PT0H0M0S,0,0,PT0H0M0S,PT0H0M0S,PT8H0M0S,PT40H0M0S,0,PT8H0M0S,0,PT0H0M0S,0.0,0.0,0,-1,1,1,0,8,0,0,0,0.0,0.0,0,0,1,0,52,40.0,40.0,8.0,0.0,0.0,40.0,8.0,0.0,0.0,8.0
54,DAAE3129-42C4-F011-A214-DC45465D50BA,53,Form and Pour Concrete - Floors and Roof,1,0,1,0,2000-02-22 06:10:00,7.0,7,1,500,2026-03-25 08:00:00,2026-07-21 17:00:00,PT680H0M0S,2026-03-25 08:00:00,2026-07-21 17:00:00,PT680H0M0S,21,7,PT600H52M48S,0,0,0,0,0,0,1,0,0,0,0,0,2026-03-25 08:00:00,2026-07-21 17:00:00,2026-05-13 08:00:00,2026-11-17 17:00:00,0,0,36053000.00,168000,168000,168000,408000,0,3,0,0,0,0,PT0H0M0S,PT0H0M0S,0,0,PT0H0M0S,PT0H0M0S,PT600H53M0S,PT680H0M0S,0,PT600H52M48S,0,PT0H0M0S,0.0,0.0,0,-1,1,1,0,8,0,0,1,0.0,0.0,0,0,0,0,,680.0,680.0,600.8666666666667,0.0,0.0,680.0,600.8666666666667,0.0,0.0,600.8833333333333
55,DBAE3129-42C4-F011-A214-DC45465D50BA,54,Form 2nd floor including all floor openings,1,0,0,0,2000-02-22 06:10:00,7.1,7.1,2,500,2026-05-13 08:00:00,2026-05-19 17:00:00,PT40H0M0S,2026-05-13 08:00:00,2026-05-19 17:00:00,PT40H0M0S,7,7,PT48H0M0S,0,1,0,0,0,0,0,0,1,0,0,0,2026-05-13 08:00:00,2026-05-19 17:00:00,2026-05-13 08:00:00,2026-05-19 17:00:00,0,0,2880000.00,0,0,0,0,0,3,0,0,0,0,PT0H0M0S,PT0H0M0S,0,0,PT0H0M0S,PT0H0M0S,PT48H0M0S,PT40H0M0S,0,PT48H0M0S,0,PT0H0M0S,0.0,0.0,0,-1,1,1,0,8,0,0,0,0.0,0.0,0,0,1,0,53;14;15;16;48,40.0,40.0,48.0,0.0,0.0,40.0,48.0,0.0,0.0,48.0
56,DCAE3129-42C4-F011-A214-DC45465D50BA,55,"Install rebar and in-floor utilities (including mechanical, electrical, plumbing)",1,0,0,0,2000-02-22 06:10:00,7.2,7.2,2,500,2026-03-25 08:00:00,2026-03-31 17:00:00,PT40H0M0S,2026-03-25 08:00:00,2026-03-31 17:00:00,PT40H0M0S,7,7,PT39H36M0S,0,1,0,0,0,0,0,0,0,0,0,0,2026-03-25 08:00:00,2026-03-31 17:00:00,2026-05-13 08:00:00,2026-05-19 17:00:00,0,0,2376000.00,168000,168000,168000,168000,0,3,0,0,0,0,PT0H0M0S,PT0H0M0S,0,0,PT0H0M0S,PT0H0M0S,PT39H36M0S,PT40H0M0S,0,PT39H36M0S,0,PT0H0M0S,0.0,0.0,0,-1,1,1,0,8,0,0,0,0.0,0.0,0,0,1,0,48,40.0,40.0,39.6,0.0,0.0,40.0,39.6,0.0,0.0,39.6
57,DDAE3129-42C4-F011-A214-DC45465D50BA,56,Pour 2nd floor slab,1,0,0,0,2000-02-22 06:10:00,7.3,7.3,2,500,2026-05-20 08:00:00,2026-05-25 17:00:00,PT32H0M0S,2026-05-20 08:00:00,2026-05-25 17:00:00,PT32H0M0S,7,7,PT32H0M0S,0,1,0,0,0,0,0,0,1,0,0,0,2026-05-20 08:00:00,2026-05-25 17:00:00,2026-05-20 08:00:00,2026-05-25 17:00:00,0,0,1920000.00,0,0,0,0,0,3,0,0,0,0,PT0H0M0S,PT0H0M0S,0,0,PT0H0M0S,PT0H0M0S,PT32H0M0S,PT32H0M0S,0,PT32H0M0S,0,PT0H0M0S,0.0,0.0,0,-1,1,1,0,8,0,0,0,0.0,0.0,0,0,1,0,56;55,32.0,32.0,32.0,0.0,0.0,32.0,32.0,0.0,0.0,32.0
58,DEAE3129-42C4-F011-A214-DC45465D50BA,57,Cure 2nd floor slab,1,0,0,0,2000-02-22 06:10:00,7.4,7.4,2,500,2026-05-26 08:00:00,2026-06-03 17:00:00,PT56H0M0S,2026-05-26 08:00:00,2026-06-03 17:00:00,PT56H0M0S,7,7,PT5H36M0S,0,1,0,0,0,0,0,0,1,0,0,0,2026-05-26 08:00:00,2026-06-03 17:00:00,2026-05-26 08:00:00,2026-06-03 17:00:00,0,0,336000.00,0,0,0,0,0,3,0,0,0,0,PT0H0M0S,PT0H0M0S,0,0,PT0H0M0S,PT0H0M0S,PT5H36M0S,PT56H0M0S,0,PT5H36M0S,0,PT0H0M0S,0.0,0.0,0,-1,1,1,0,8,0,0,0,0.0,0.0,0,0,1,0,57,56.0,56.0,5.6,0.0,0.0,56.0,5.6,0.0,0.0,5.6
59,DFAE3129-42C4-F011-A214-DC45465D50BA,58,Strip forms from 2nd floor slab,1,0,0,0,2000-02-22 06:10:00,7.5,7.5,2,500,2026-06-04 08:00:00,2026-06-05 17:00:00,PT16H0M0S,2026-06-04 08:00:00,2026-06-05 17:00:00,PT16H0M0S,7,7,PT16H0M0S,0,1,0,0,0,0,0,0,0,0,0,0,2026-06-04 08:00:00,2026-06-05 17:00:00,2026-10-21 08:00:00,2026-10-22 17:00:00,0,0,960000.00,0,475200,475200,475200,0,3,0,0,0,0,PT0H0M0S,PT0H0M0S,0,0,PT0H0M0S,PT0H0M0S,PT16H0M0S,PT16H0M0S,0,PT16H0M0S,0,PT0H0M0S,0.0,0.0,0,-1,1,1,0,8,0,0,0,0.0,0.0,0,0,1,0,58,16.0,16.0,16.0,0.0,0.0,16.0,16.0,0.0,0.0,16.0
60,E0AE3129-42C4-F011-A214-DC45465D50BA,59,Form 3rd floor including all floor openings,1,0,0,0,2000-02-22 06:10:00,7.6,7.6,2,500,2026-06-04 08:00:00,2026-06-10 17:00:00,PT40H0M0S,2026-06-04 08:00:00,2026-06-10 17:00:00,PT40H0M0S,7,7,PT28H0M0S,0,1,0,0,0,0,0,0,1,0,0,0,2026-06-04 08:00:00,2026-06-10 17:00:00,2026-06-04 08:00:00,2026-06-10 17:00:00,0,0,1680000.00,0,0,0,0,0,3,0,0,0,0,PT0H0M0S,PT0H0M0S,0,0,PT0H0M0S,PT0H0M0S,PT28H0M0S,PT40H0M0S,0,PT28H0M0S,0,PT0H0M0S,0.0,0.0,0,-1,1,1,0,8,0,0,0,0.0,0.0,0,0,1,0,58,40.0,40.0,28.0,0.0,0.0,40.0,28.0,0.0,0.0,28.0
61,E1AE3129-42C4-F011-A214-DC45465D50BA,60,"Install rebar and in-floor utilities (including mechanical, electrical, plumbing)",1,0,0,0,2000-02-22 06:10:00,7.7,7.7,2,500,2026-06-04 08:00:00,2026-06-10 17:00:00,PT40H0M0S,2026-06-04 08:00:00,2026-06-10 17:00:00,PT40H0M0S,7,7,PT39H36M0S,0,1,0,0,0,0,0,0,1,0,0,0,2026-06-04 08:00:00,2026-06-10 17:00:00,2026-06-04 08:00:00,2026-06-10 17:00:00,0,0,2376000.00,0,0,0,0,0,3,0,0,0,0,PT0H0M0S,PT0H0M0S,0,0,PT0H0M0S,PT0H0M0S,PT39H36M0S,PT40H0M0S,0,PT39H36M0S,0,PT0H0M0S,0.0,0.0,0,-1,1,1,0,8,0,0,0,0.0,0.0,0,0,1,0,58,40.0,40.0,39.6,0.0,0.0,40.0,39.6,0.0,0.0,39.6
62,E2AE3129-42C4-F011-A214-DC45465D50BA,61,Pour 3rd floor slab,1,0,0,0,2000-02-22 06:10:00,7.8,7.8,2,500,2026-06-11 08:00:00,2026-06-16 17:00:00,PT32H0M0S,2026-06-11 08:00:00,2026-06-16 17:00:00,PT32H0M0S,7,7,PT32H0M0S,0,1,0,0,0,0,0,0,1,0,0,0,2026-06-11 08:00:00,2026-06-16 17:00:00,2026-06-11 08:00:00,2026-06-16 17:00:00,0,0,1920000.00,0,0,0,0,0,3,0,0,0,0,PT0H0M0S,PT0H0M0S,0,0,PT0H0M0S,PT0H0M0S,PT32H0M0S,PT32H0M0S,0,PT32H0M0S,0,PT0H0M0S,0.0,0.0,0,-1,1,1,0,8,0,0,0,0.0,0.0,0,0,1,0,61;60,32.0,32.0,32.0,0.0,0.0,32.0,32.0,0.0,0.0,32.0
63,E3AE3129-42C4-F011-A214-DC45465D50BA,62,Cure 3rd floor slab,1,0,0,0,2000-02-22 06:10:00,7.9,7.9,2,500,2026-06-17 08:00:00,2026-06-25 17:00:00,PT56H0M0S,2026-06-17 08:00:00,2026-06-25 17:00:00,PT56H0M0S,7,7,PT5H36M0S,0,1,0,0,0,0,0,0,1,0,0,0,2026-06-17 08:00:00,2026-06-25 17:00:00,2026-06-17 08:00:00,2026-06-25 17:00:00,0,0,336000.00,0,0,0,0,0,3,0,0,0,0,PT0H0M0S,PT0H0M0S,0,0,PT0H0M0S,PT0H0M0S,PT5H36M0S,PT56H0M0S,0,PT5H36M0S,0,PT0H0M0S,0.0,0.0,0,-1,1,1,0,8,0,0,0,0.0,0.0,0,0,1,0,62,56.0,56.0,5.6,0.0,0.0,56.0,5.6,0.0,0.0,5.6
64,E4AE3129-42C4-F011-A214-DC45465D50BA,63,Strip forms from 3rd floor slab,1,0,0,0,2000-02-22 06:10:00,7.1,7.10,2,500,2026-06-26 08:00:00,2026-06-29 17:00:00,PT16H0M0S,2026-06-26 08:00:00,2026-06-29 17:00:00,PT16H0M0S,7,7,PT16H0M0S,0,1,0,0,0,0,0,0,0,0,0,0,2026-06-26 08:00:00,2026-06-29 17:00:00,2026-07-20 08:00:00,2026-07-21 17:00:00,0,0,960000.00,76800,76800,76800,76800,0,3,0,0,0,0,PT0H0M0S,PT0H0M0S,0,0,PT0H0M0S,PT0H0M0S,PT16H0M0S,PT16H0M0S,0,PT16H0M0S,0,PT0H0M0S,0.0,0.0,0,-1,1,1,0,8,0,0,0,0.0,0.0,0,0,1,0,63,16.0,16.0,16.0,0.0,0.0,16.0,16.0,0.0,0.0,16.0
65,E5AE3129-42C4-F011-A214-DC45465D50BA,64,Form roof slab including all floor openings,1,0,0,0,2000-02-22 06:10:00,7.11,7.11,2,500,2026-06-26 08:00:00,2026-07-02 17:00:00,PT40H0M0S,2026-06-26 08:00:00,2026-07-02 17:00:00,PT40H0M0S,7,7,PT48H0M0S,0,1,0,0,0,0,0,0,1,0,0,0,2026-06-26 08:00:00,2026-07-02 17:00:00,2026-06-26 08:00:00,2026-07-02 17:00:00,0,0,2880000.00,0,0,0,0,0,3,0,0,0,0,PT0H0M0S,PT0H0M0S,0,0,PT0H0M0S,PT0H0M0S,PT48H0M0S,PT40H0M0S,0,PT48H0M0S,0,PT0H0M0S,0.0,0.0,0,-1,1,1,0,8,0,0,0,0.0,0.0,0,0,1,0,63,40.0,40.0,48.0,0.0,0.0,40.0,48.0,0.0,0.0,48.0
66,E6AE3129-42C4-F011-A214-DC45465D50BA,65,"Install rebar and in-floor utilities (including mechanical, electrical, plumbing)",1,0,0,0,2000-02-22 06:10:00,7.12,7.12,2,500,2026-06-26 08:00:00,2026-07-02 17:00:00,PT40H0M0S,2026-06-26 08:00:00,2026-07-02 17:00:00,PT40H0M0S,7,7,PT39H36M0S,0,1,0,0,0,0,0,0,1,0,0,0,2026-06-26 08:00:00,2026-07-02 17:00:00,2026-06-26 08:00:00,2026-07-02 17:00:00,0,0,2376000.00,0,0,0,0,0,3,0,0,0,0,PT0H0M0S,PT0H0M0S,0,0,PT0H0M0S,PT0H0M0S,PT39H36M0S,PT40H0M0S,0,PT39H36M0S,0,PT0H0M0S,0.0,0.0,0,-1,1,1,0,8,0,0,0,0.0,0.0,0,0,1,0,63,40.0,40.0,39.6,0.0,0.0,40.0,39.6,0.0,0.0,39.6
67,E7AE3129-42C4-F011-A214-DC45465D50BA,66,Pour roof slab,1,0,0,0,2000-02-22 06:10:00,7.13,7.13,2,500,2026-07-03 08:00:00,2026-07-08 17:00:00,PT32H0M0S,2026-07-03 08:00:00,2026-07-08 17:00:00,PT32H0M0S,7,7,PT32H0M0S,0,1,0,0,0,0,0,0,1,0,0,0,2026-07-03 08:00:00,2026-07-08 17:00:00,2026-07-03 08:00:00,2026-07-08 17:00:00,0,0,1920000.00,0,0,0,0,0,3,0,0,0,0,PT0H0M0S,PT0H0M0S,0,0,PT0H0M0S,PT0H0M0S,PT32H0M0S,PT32H0M0S,0,PT32H0M0S,0,PT0H0M0S,0.0,0.0,0,-1,1,1,0,8,0,0,0,0.0,0.0,0,0,1,0,66;65,32.0,32.0,32.0,0.0,0.0,32.0,32.0,0.0,0.0,32.0
68,E8AE3129-42C4-F011-A214-DC45465D50BA,67,Cure roof slab,1,0,0,0,2000-02-22 06:10:00,7.14,7.14,2,500,2026-07-09 08:00:00,2026-07-17 17:00:00,PT56H0M0S,2026-07-09 08:00:00,2026-07-17 17:00:00,PT56H0M0S,7,7,PT5H36M0S,0,1,0,0,0,0,0,0,1,0,0,0,2026-07-09 08:00:00,2026-07-17 17:00:00,2026-07-09 08:00:00,2026-07-17 17:00:00,0,0,336000.00,0,0,0,0,0,3,0,0,0,0,PT0H0M0S,PT0H0M0S,0,0,PT0H0M0S,PT0H0M0S,PT5H36M0S,PT56H0M0S,0,PT5H36M0S,0,PT0H0M0S,0.0,0.0,0,-1,1,1,0,8,0,0,0,0.0,0.0,0,0,1,0,67,56.0,56.0,5.6,0.0,0.0,56.0,5.6,0.0,0.0,5.6
69,E9AE3129-42C4-F011-A214-DC45465D50BA,68,Strip forms from roof slab,1,0,0,0,2000-02-22 06:10:00,7.15,7.15,2,500,2026-07-20 08:00:00,2026-07-21 17:00:00,PT16H0M0S,2026-07-20 08:00:00,2026-07-21 17:00:00,PT16H0M0S,7,7,PT16H0M0S,0,1,0,0,0,0,0,0,1,0,0,0,2026-07-20 08:00:00,2026-07-21 17:00:00,2026-07-20 08:00:00,2026-07-21 17:00:00,0,0,960000.00,0,0,0,0,0,3,0,0,0,0,PT0H0M0S,PT0H0M0S,0,0,PT0H0M0S,PT0H0M0S,PT16H0M0S,PT16H0M0S,0,PT16H0M0S,0,PT0H0M0S,0.0,0.0,0,-1,1,1,0,8,0,0,0,0.0,0.0,0,0,1,0,68,16.0,16.0,16.0,0.0,0.0,16.0,16.0,0.0,0.0,16.0
70,EAAE3129-42C4-F011-A214-DC45465D50BA,69,Form 1st floor,1,0,0,0,2000-02-22 06:10:00,7.16,7.16,2,500,2026-06-08 08:00:00,2026-06-11 17:00:00,PT32H0M0S,2026-06-08 08:00:00,2026-06-11 17:00:00,PT32H0M0S,7,7,PT32H0M0S,0,1,0,0,0,0,0,0,0,0,0,0,2026-06-08 08:00:00,2026-06-11 17:00:00,2026-10-26 08:00:00,2026-10-29 17:00:00,0,0,1920000.00,4800,480000,480000,480000,0,3,0,0,0,0,PT0H0M0S,PT0H0M0S,0,0,PT0H0M0S,PT0H0M0S,PT32H0M0S,PT32H0M0S,0,PT32H0M0S,0,PT0H0M0S,0.0,0.0,0,-1,1,1,0,8,0,0,0,0.0,0.0,0,0,1,0,59,32.0,32.0,32.0,0.0,0.0,32.0,32.0,0.0,0.0,32.0
71,EBAE3129-42C4-F011-A214-DC45465D50BA,70,Install electrical underground,1,0,0,0,2000-02-22 06:10:00,7.17,7.17,2,500,2026-06-08 08:00:00,2026-06-12 17:00:00,PT40H0M0S,2026-06-08 08:00:00,2026-06-12 17:00:00,PT40H0M0S,9,7,PT40H0M0S,0,1,0,0,0,0,0,0,0,0,0,0,2026-06-08 08:00:00,2026-06-12 17:00:00,2026-10-23 08:00:00,2026-10-29 17:00:00,0,0,2400000.00,0,475200,475200,475200,0,3,0,0,0,0,PT0H0M0S,PT0H0M0S,0,0,PT0H0M0S,PT0H0M0S,PT40H0M0S,PT40H0M0S,0,PT40H0M0S,0,PT0H0M0S,0.0,0.0,0,-1,1,1,0,8,0,0,0,0.0,0.0,0,0,1,0,59,40.0,40.0,40.0,0.0,0.0,40.0,40.0,0.0,0.0,40.0
72,ECAE3129-42C4-F011-A214-DC45465D50BA,71,Install plumbing underground,1,0,0,0,2000-02-22 06:10:00,7.18,7.18,2,500,2026-06-08 08:00:00,2026-06-12 17:00:00,PT40H0M0S,2026-06-08 08:00:00,2026-06-12 17:00:00,PT40H0M0S,9,7,PT40H0M0S,0,1,0,0,0,0,0,0,0,0,0,0,2026-06-08 08:00:00,2026-06-12 17:00:00,2026-10-23 08:00:00,2026-10-29 17:00:00,0,0,2400000.00,0,475200,475200,475200,0,3,0,0,0,0,PT0H0M0S,PT0H0M0S,0,0,PT0H0M0S,PT0H0M0S,PT40H0M0S,PT40H0M0S,0,PT40H0M0S,0,PT0H0M0S,0.0,0.0,0,-1,1,1,0,8,0,0,0,0.0,0.0,0,0,1,0,59,40.0,40.0,40.0,0.0,0.0,40.0,40.0,0.0,0.0,40.0
73,EDAE3129-42C4-F011-A214-DC45465D50BA,72,Install rebar and in-floor utilities,1,0,0,0,2000-02-22 06:10:00,7.19,7.19,2,500,2026-06-08 08:00:00,2026-06-11 17:00:00,PT32H0M0S,2026-06-08 08:00:00,2026-06-11 17:00:00,PT32H0M0S,7,7,PT31H40M48S,0,1,0,0,0,0,0,0,0,0,0,0,2026-06-08 08:00:00,2026-06-11 17:00:00,2026-10-26 08:00:00,2026-10-29 17:00:00,0,0,1901000.00,4800,480000,480000,480000,0,3,0,0,0,0,PT0H0M0S,PT0H0M0S,0,0,PT0H0M0S,PT0H0M0S,PT31H41M0S,PT32H0M0S,0,PT31H40M48S,0,PT0H0M0S,0.0,0.0,0,-1,1,1,0,8,0,0,0,0.0,0.0,0,0,1,0,59,32.0,32.0,31.666666666666668,0.0,0.0,32.0,31.666666666666668,0.0,0.0,31.683333333333334
74,EEAE3129-42C4-F011-A214-DC45465D50BA,73,Pour 1st floor slab,1,0,0,0,2000-02-22 06:10:00,7.2,7.20,2,500,2026-06-15 08:00:00,2026-06-18 17:00:00,PT32H0M0S,2026-06-15 08:00:00,2026-06-18 17:00:00,PT32H0M0S,7,7,PT32H0M0S,0,1,0,0,0,0,0,0,0,0,0,0,2026-06-15 08:00:00,2026-06-18 17:00:00,2026-10-30 08:00:00,2026-11-04 17:00:00,0,0,1920000.00,0,475200,475200,475200,0,3,0,0,0,0,PT0H0M0S,PT0H0M0S,0,0,PT0H0M0S,PT0H0M0S,PT32H0M0S,PT32H0M0S,0,PT32H0M0S,0,PT0H0M0S,0.0,0.0,0,-1,1,1,0,8,0,0,0,0.0,0.0,0,0,1,0,70;73;71;72,32.0,32.0,32.0,0.0,0.0,32.0,32.0,0.0,0.0,32.0
75,EFAE3129-42C4-F011-A214-DC45465D50BA,74,Cure 1st floor slab,1,0,0,0,2000-02-22 06:10:00,7.21,7.21,2,500,2026-06-19 08:00:00,2026-06-29 17:00:00,PT56H0M0S,2026-06-19 08:00:00,2026-06-29 17:00:00,PT56H0M0S,7,7,PT5H36M0S,0,1,0,0,0,0,0,0,0,0,0,0,2026-06-19 08:00:00,2026-06-29 17:00:00,2026-11-05 08:00:00,2026-11-13 17:00:00,0,0,336000.00,0,475200,475200,475200,0,3,0,0,0,0,PT0H0M0S,PT0H0M0S,0,0,PT0H0M0S,PT0H0M0S,PT5H36M0S,PT56H0M0S,0,PT5H36M0S,0,PT0H0M0S,0.0,0.0,0,-1,1,1,0,8,0,0,0,0.0,0.0,0,0,1,0,74,56.0,56.0,5.6,0.0,0.0,56.0,5.6,0.0,0.0,5.6
76,F0AE3129-42C4-F011-A214-DC45465D50BA,75,Strip forms from 1st floor slab,1,0,0,0,2000-02-22 06:10:00,7.22,7.22,2,500,2026-06-30 08:00:00,2026-07-01 17:00:00,PT16H0M0S,2026-06-30 08:00:00,2026-07-01 17:00:00,PT16H0M0S,7,7,PT16H0M0S,0,1,0,0,0,0,0,0,0,0,0,0,2026-06-30 08:00:00,2026-07-01 17:00:00,2026-11-16 08:00:00,2026-11-17 17:00:00,0,0,960000.00,0,475200,475200,475200,0,3,0,0,0,0,PT0H0M0S,PT0H0M0S,0,0,PT0H0M0S,PT0H0M0S,PT16H0M0S,PT16H0M0S,0,PT16H0M0S,0,PT0H0M0S,0.0,0.0,0,-1,1,1,0,8,0,0,0,0.0,0.0,0,0,1,0,75,16.0,16.0,16.0,0.0,0.0,16.0,16.0,0.0,0.0,16.0
77,F1AE3129-42C4-F011-A214-DC45465D50BA,76,Carpentry Work,1,0,1,0,2000-02-22 06:10:00,8.0,8,1,500,2026-07-22 08:00:00,2026-08-11 17:00:00,PT120H0M0S,2026-07-22 08:00:00,2026-08-11 17:00:00,PT120H0M0S,21,7,PT120H0M0S,0,0,0,0,0,0,1,0,1,0,0,0,2026-07-22 08:00:00,2026-08-11 17:00:00,2026-07-22 08:00:00,2026-08-11 17:00:00,0,0,7200000.00,0,0,0,0,0,3,0,0,0,0,PT0H0M0S,PT0H0M0S,0,0,PT0H0M0S,PT0H0M0S,PT120H0M0S,PT120H0M0S,0,PT120H0M0S,0,PT0H0M0S,0.0,0.0,0,-1,1,1,0,8,0,0,1,0.0,0.0,0,0,0,0,,120.0,120.0,120.0,0.0,0.0,120.0,120.0,0.0,0.0,120.0
78,F2AE3129-42C4-F011-A214-DC45465D50BA,77,Install exterior sheathing and metal studs,1,0,0,0,2000-02-22 06:10:00,8.1,8.1,2,500,2026-07-22 08:00:00,2026-08-11 17:00:00,PT120H0M0S,2026-07-22 08:00:00,2026-08-11 17:00:00,PT120H0M0S,9,7,PT120H0M0S,0,1,0,0,0,0,0,0,1,0,0,0,2026-07-22 08:00:00,2026-08-11 17:00:00,2026-07-22 08:00:00,2026-08-11 17:00:00,0,0,7200000.00,0,0,0,0,0,3,0,0,0,0,PT0H0M0S,PT0H0M0S,0,0,PT0H0M0S,PT0H0M0S,PT120H0M0S,PT120H0M0S,0,PT120H0M0S,0,PT0H0M0S,0.0,0.0,0,-1,1,1,0,8,0,0,0,0.0,0.0,0,0,1,0,64;69,120.0,120.0,120.0,0.0,0.0,120.0,120.0,0.0,0.0,120.0
79,F3AE3129-42C4-F011-A214-DC45465D50BA,78,Masonry Work,1,0,1,0,2000-02-22 06:10:00,9.0,9,1,500,2026-04-22 08:00:00,2026-09-22 17:00:00,PT880H0M0S,2026-04-22 08:00:00,2026-09-22 17:00:00,PT880H0M0S,21,7,PT656H0M0S,0,0,0,0,0,0,1,0,0,0,0,0,2026-04-22 08:00:00,2026-09-22 17:00:00,2026-08-12 08:00:00,2027-01-12 17:00:00,0,0,39360000.00,384000,384000,384000,384000,0,3,0,0,0,0,PT0H0M0S,PT0H0M0S,0,0,PT0H0M0S,PT0H0M0S,PT656H0M0S,PT880H0M0S,0,PT656H0M0S,0,PT0H0M0S,0.0,0.0,0,-1,1,1,0,8,0,0,1,0.0,0.0,0,0,0,0,,880.0,880.0,656.0,0.0,0.0,880.0,656.0,0.0,0.0,656.0
80,F4AE3129-42C4-F011-A214-DC45465D50BA,79,Rough-in plumbing at toilets and masonry walls,1,0,0,0,2000-02-22 06:10:00,9.1,9.1,2,500,2026-07-02 08:00:00,2026-07-29 17:00:00,PT160H0M0S,2026-07-02 08:00:00,2026-07-29 17:00:00,PT160H0M0S,9,7,PT160H0M0S,0,1,0,0,0,0,0,0,0,0,0,0,2026-07-02 08:00:00,2026-07-29 17:00:00,2026-11-18 08:00:00,2026-12-15 17:00:00,0,0,9600000.00,0,475200,475200,475200,0,3,0,0,0,0,PT0H0M0S,PT0H0M0S,0,0,PT0H0M0S,PT0H0M0S,PT160H0M0S,PT160H0M0S,0,PT160H0M0S,0,PT0H0M0S,0.0,0.0,0,-1,1,1,0,8,0,0,0,0.0,0.0,0,0,1,0,76;14,160.0,160.0,160.0,0.0,0.0,160.0,160.0,0.0,0.0,160.0
81,F5AE3129-42C4-F011-A214-DC45465D50BA,80,"Lay masonry at core, mechanical, and toilets",1,0,0,0,2000-02-22 06:10:00,9.2,9.2,2,500,2026-04-22 08:00:00,2026-05-19 17:00:00,PT160H0M0S,2026-04-22 08:00:00,2026-05-19 17:00:00,PT160H0M0S,9,7,PT160H0M0S,0,1,0,0,0,0,0,0,0,0,0,0,2026-04-22 08:00:00,2026-05-19 17:00:00,2026-11-24 08:00:00,2026-12-21 17:00:00,0,0,9600000.00,0,739200,739200,739200,0,3,0,0,0,0,PT0H0M0S,PT0H0M0S,0,0,PT0H0M0S,PT0H0M0S,PT160H0M0S,PT160H0M0S,0,PT160H0M0S,0,PT0H0M0S,0.0,0.0,0,-1,1,1,0,8,0,0,0,0.0,0.0,0,0,1,0,50;51,160.0,160.0,160.0,0.0,0.0,160.0,160.0,0.0,0.0,160.0
82,F6AE3129-42C4-F011-A214-DC45465D50BA,81,Install exterior masonry work,1,0,0,0,2000-02-22 06:10:00,9.3,9.3,2,500,2026-08-12 08:00:00,2026-09-15 17:00:00,PT200H0M0S,2026-08-12 08:00:00,2026-09-15 17:00:00,PT200H0M0S,9,7,PT200H0M0S,0,1,0,0,0,0,0,0,1,0,0,0,2026-08-12 08:00:00,2026-09-15 17:00:00,2026-08-12 08:00:00,2026-09-15 17:00:00,0,0,12000000.00,0,0,0,0,0,3,0,0,0,0,PT0H0M0S,PT0H0M0S,0,0,PT0H0M0S,PT0H0M0S,PT200H0M0S,PT200H0M0S,0,PT200H0M0S,0,PT0H0M0S,0.0,0.0,0,-1,1,1,0,8,0,0,0,0.0,0.0,0,0,1,0,78,200.0,200.0,200.0,0.0,0.0,200.0,200.0,0.0,0.0,200.0
83,F7AE3129-42C4-F011-A214-DC45465D50BA,82,Install roof drains,1,0,0,0,2000-02-22 06:10:00,9.4,9.4,2,500,2026-09-16 08:00:00,2026-09-17 17:00:00,PT16H0M0S,2026-09-16 08:00:00,2026-09-17 17:00:00,PT16H0M0S,7,7,PT16H0M0S,0,1,0,0,0,0,0,0,0,0,0,0,2026-09-16 08:00:00,2026-09-17 17:00:00,2027-01-01 08:00:00,2027-01-04 17:00:00,0,0,960000.00,9600,369600,369600,369600,0,3,0,0,0,0,PT0H0M0S,PT0H0M0S,0,0,PT0H0M0S,PT0H0M0S,PT16H0M0S,PT16H0M0S,0,PT16H0M0S,0,PT0H0M0S,0.0,0.0,0,-1,1,1,0,8,0,0,0,0.0,0.0,0,0,1,0,82,16.0,16.0,16.0,0.0,0.0,16.0,16.0,0.0,0.0,16.0
84,F8AE3129-42C4-F011-A214-DC45465D50BA,83,Install tile in toilet rooms,1,0,0,0,2000-02-22 06:10:00,9.5,9.5,2,500,2026-07-30 08:00:00,2026-08-12 17:00:00,PT80H0M0S,2026-07-30 08:00:00,2026-08-12 17:00:00,PT80H0M0S,9,7,PT80H0M0S,0,1,0,0,0,0,0,0,0,0,0,0,2026-07-30 08:00:00,2026-08-12 17:00:00,2026-12-16 08:00:00,2026-12-29 17:00:00,0,0,4800000.00,0,475200,475200,475200,0,3,0,0,0,0,PT0H0M0S,PT0H0M0S,0,0,PT0H0M0S,PT0H0M0S,PT80H0M0S,PT80H0M0S,0,PT80H0M0S,0,PT0H0M0S,0.0,0.0,0,-1,1,1,0,8,0,0,0,0.0,0.0,0,0,1,0,80,80.0,80.0,80.0,0.0,0.0,80.0,80.0,0.0,0.0,80.0
85,F9AE3129-42C4-F011-A214-DC45465D50BA,84,Clean masonry,1,0,0,0,2000-02-22 06:10:00,9.6,9.6,2,500,2026-09-16 08:00:00,2026-09-22 17:00:00,PT40H0M0S,2026-09-16 08:00:00,2026-09-22 17:00:00,PT40H0M0S,9,7,PT20H0M0S,0,1,0,0,0,0,0,0,0,0,0,0,2026-09-16 08:00:00,2026-09-22 17:00:00,2027-01-06 08:00:00,2027-01-12 17:00:00,0,0,1200000.00,0,384000,384000,384000,0,3,0,0,0,0,PT0H0M0S,PT0H0M0S,0,0,PT0H0M0S,PT0H0M0S,PT20H0M0S,PT40H0M0S,0,PT20H0M0S,0,PT0H0M0S,0.0,0.0,0,-1,1,1,0,8,0,0,0,0.0,0.0,0,0,1,0,82,40.0,40.0,20.0,0.0,0.0,40.0,20.0,0.0,0.0,20.0
86,FAAE3129-42C4-F011-A214-DC45465D50BA,85,Clean toilet room tile,1,0,0,0,2000-02-22 06:10:00,9.7,9.7,2,500,2026-08-13 08:00:00,2026-08-19 17:00:00,PT40H0M0S,2026-08-13 08:00:00,2026-08-19 17:00:00,PT40H0M0S,9,7,PT20H0M0S,0,1,0,0,0,0,0,0,0,0,0,0,2026-08-13 08:00:00,2026-08-19 17:00:00,2026-12-30 08:00:00,2027-01-05 17:00:00,0,0,1200000.00,307200,475200,475200,475200,0,3,0,0,0,0,PT0H0M0S,PT0H0M0S,0,0,PT0H0M0S,PT0H0M0S,PT20H0M0S,PT40H0M0S,0,PT20H0M0S,0,PT0H0M0S,0.0,0.0,0,-1,1,1,0,8,0,0,0,0.0,0.0,0,0,1,0,84,40.0,40.0,20.0,0.0,0.0,40.0,20.0,0.0,0.0,20.0
87,FBAE3129-42C4-F011-A214-DC45465D50BA,86,Roofing,1,0,1,0,2000-02-22 06:10:00,10.0,10,1,500,2026-09-16 08:00:00,2026-10-28 17:00:00,PT248H0M0S,2026-09-16 08:00:00,2026-10-28 17:00:00,PT248H0M0S,21,7,PT208H0M0S,0,0,0,0,0,0,1,0,0,0,0,0,2026-09-16 08:00:00,2026-10-28 17:00:00,2026-12-30 08:00:00,2027-02-10 17:00:00,0,0,12480000.00,360000,360000,360000,360000,0,3,0,0,0,0,PT0H0M0S,PT0H0M0S,0,0,PT0H0M0S,PT0H0M0S,PT208H0M0S,PT248H0M0S,0,PT208H0M0S,0,PT0H0M0S,0.0,0.0,0,-1,1,1,0,8,0,0,1,0.0,0.0,0,0,0,0,,248.0,248.0,208.0,0.0,0.0,248.0,208.0,0.0,0.0,208.0
88,FCAE3129-42C4-F011-A214-DC45465D50BA,87,Install flashing at parapet walls,1,0,0,0,2000-02-22 06:10:00,10.1,10.1,2,500,2026-09-16 08:00:00,2026-09-21 17:00:00,PT32H0M0S,2026-09-16 08:00:00,2026-09-21 17:00:00,PT32H0M0S,7,7,PT32H0M0S,0,1,0,0,0,0,0,0,0,0,0,0,2026-09-16 08:00:00,2026-09-21 17:00:00,2026-12-30 08:00:00,2027-01-04 17:00:00,0,0,1920000.00,0,360000,360000,360000,0,3,0,0,0,0,PT0H0M0S,PT0H0M0S,0,0,PT0H0M0S,PT0H0M0S,PT32H0M0S,PT32H0M0S,0,PT32H0M0S,0,PT0H0M0S,0.0,0.0,0,-1,1,1,0,8,0,0,0,0.0,0.0,0,0,1,0,82,32.0,32.0,32.0,0.0,0.0,32.0,32.0,0.0,0.0,32.0
89,FDAE3129-42C4-F011-A214-DC45465D50BA,88,Pour lightweight concrete roof fill,1,0,0,0,2000-02-22 06:10:00,10.2,10.2,2,500,2026-09-22 08:00:00,2026-09-23 17:00:00,PT16H0M0S,2026-09-22 08:00:00,2026-09-23 17:00:00,PT16H0M0S,7,7,PT16H0M0S,0,1,0,0,0,0,0,0,0,0,0,0,2026-09-22 08:00:00,2026-09-23 17:00:00,2027-01-05 08:00:00,2027-01-06 17:00:00,0,0,960000.00,0,360000,360000,360000,0,3,0,0,0,0,PT0H0M0S,PT0H0M0S,0,0,PT0H0M0S,PT0H0M0S,PT16H0M0S,PT16H0M0S,0,PT16H0M0S,0,PT0H0M0S,0.0,0.0,0,-1,1,1,0,8,0,0,0,0.0,0.0,0,0,1,0,12;83;88,16.0,16.0,16.0,0.0,0.0,16.0,16.0,0.0,0.0,16.0
90,FEAE3129-42C4-F011-A214-DC45465D50BA,89,Install seamless roofing material,1,0,0,0,2000-02-22 06:10:00,10.3,10.3,2,500,2026-10-01 08:00:00,2026-10-07 17:00:00,PT40H0M0S,2026-10-01 08:00:00,2026-10-07 17:00:00,PT40H0M0S,7,7,PT40H0M0S,0,1,0,0,0,0,0,0,0,0,0,0,2026-10-01 08:00:00,2026-10-07 17:00:00,2027-01-14 08:00:00,2027-01-20 17:00:00,0,0,2400000.00,0,360000,360000,360000,0,3,0,0,0,0,PT0H0M0S,PT0H0M0S,0,0,PT0H0M0S,PT0H0M0S,PT40H0M0S,PT40H0M0S,0,PT40H0M0S,0,PT0H0M0S,0.0,0.0,0,-1,1,1,0,8,0,0,0,0.0,0.0,0,0,1,0,89,40.0,40.0,40.0,0.0,0.0,40.0,40.0,0.0,0.0,40.0
91,FFAE3129-42C4-F011-A214-DC45465D50BA,90,Spread stone ballast on seamless roof,1,0,0,0,2000-02-22 06:10:00,10.4,10.4,2,500,2026-10-08 08:00:00,2026-10-14 17:00:00,PT40H0M0S,2026-10-08 08:00:00,2026-10-14 17:00:00,PT40H0M0S,7,7,PT40H0M0S,0,1,0,0,0,0,0,0,0,0,0,0,2026-10-08 08:00:00,2026-10-14 17:00:00,2027-01-21 08:00:00,2027-01-27 17:00:00,0,0,2400000.00,0,360000,360000,360000,0,3,0,0,0,0,PT0H0M0S,PT0H0M0S,0,0,PT0H0M0S,PT0H0M0S,PT40H0M0S,PT40H0M0S,0,PT40H0M0S,0,PT0H0M0S,0.0,0.0,0,-1,1,1,0,8,0,0,0,0.0,0.0,0,0,1,0,90,40.0,40.0,40.0,0.0,0.0,40.0,40.0,0.0,0.0,40.0
92,00AF3129-42C4-F011-A214-DC45465D50BA,91,Set rooftop equipment,1,0,0,0,2000-02-22 06:10:00,10.5,10.5,2,500,2026-10-15 08:00:00,2026-10-28 17:00:00,PT80H0M0S,2026-10-15 08:00:00,2026-10-28 17:00:00,PT80H0M0S,9,7,PT80H0M0S,0,1,0,0,0,0,0,0,0,0,0,0,2026-10-15 08:00:00,2026-10-28 17:00:00,2027-01-28 08:00:00,2027-02-10 17:00:00,0,0,4800000.00,115200,360000,360000,360000,0,3,0,0,0,0,PT0H0M0S,PT0H0M0S,0,0,PT0H0M0S,PT0H0M0S,PT80H0M0S,PT80H0M0S,0,PT80H0M0S,0,PT0H0M0S,0.0,0.0,0,-1,1,1,0,8,0,0,0,0.0,0.0,0,0,1,0,91,80.0,80.0,80.0,0.0,0.0,80.0,80.0,0.0,0.0,80.0
93,01AF3129-42C4-F011-A214-DC45465D50BA,92,Window wall and store front closures,1,0,1,0,2000-02-22 06:10:00,11.0,11,1,500,2026-09-16 08:00:00,2026-12-08 17:00:00,PT480H0M0S,2026-09-16 08:00:00,2026-12-08 17:00:00,PT480H0M0S,21,7,PT600H0M0S,0,0,0,0,0,0,1,0,1,0,0,0,2026-09-16 08:00:00,2026-12-08 17:00:00,2026-09-16 08:00:00,2026-12-15 17:00:00,0,0,36000000.00,0,0,0,24000,0,3,0,0,0,0,PT0H0M0S,PT0H0M0S,0,0,PT0H0M0S,PT0H0M0S,PT600H0M0S,PT480H0M0S,0,PT600H0M0S,0,PT0H0M0S,0.0,0.0,0,-1,1,1,0,8,0,0,1,0.0,0.0,0,0,0,0,,480.0,480.0,600.0,0.0,0.0,480.0,600.0,0.0,0.0,600.0
94,02AF3129-42C4-F011-A214-DC45465D50BA,93,Install window wall aluminum and glass,1,0,0,0,2000-02-22 06:10:00,11.1,11.1,2,500,2026-09-16 08:00:00,2026-10-20 17:00:00,PT200H0M0S,2026-09-16 08:00:00,2026-10-20 17:00:00,PT200H0M0S,9,7,PT200H0M0S,0,1,0,0,0,0,0,0,1,0,0,0,2026-09-16 08:00:00,2026-10-20 17:00:00,2026-09-16 08:00:00,2026-10-20 17:00:00,0,0,12000000.00,0,0,0,0,0,3,0,0,0,0,PT0H0M0S,PT0H0M0S,0,0,PT0H0M0S,PT0H0M0S,PT200H0M0S,PT200H0M0S,0,PT200H0M0S,0,PT0H0M0S,0.0,0.0,0,-1,1,1,0,8,0,0,0,0.0,0.0,0,0,1,0,82,200.0,200.0,200.0,0.0,0.0,200.0,200.0,0.0,0.0,200.0
95,03AF3129-42C4-F011-A214-DC45465D50BA,94,Install interior stud walls and drywall,1,0,0,0,2000-02-22 06:10:00,11.2,11.2,2,500,2026-10-21 08:00:00,2026-11-24 17:00:00,PT200H0M0S,2026-10-21 08:00:00,2026-11-24 17:00:00,PT200H0M0S,9,7,PT200H0M0S,0,1,0,0,0,0,0,0,1,0,0,0,2026-10-21 08:00:00,2026-11-24 17:00:00,2026-10-21 08:00:00,2026-11-24 17:00:00,0,0,12000000.00,0,0,0,0,0,3,0,0,0,0,PT0H0M0S,PT0H0M0S,0,0,PT0H0M0S,PT0H0M0S,PT200H0M0S,PT200H0M0S,0,PT200H0M0S,0,PT0H0M0S,0.0,0.0,0,-1,1,1,0,8,0,0,0,0.0,0.0,0,0,1,0,94,200.0,200.0,200.0,0.0,0.0,200.0,200.0,0.0,0.0,200.0
96,04AF3129-42C4-F011-A214-DC45465D50BA,95,Install interior doors and hardware,1,0,0,0,2000-02-22 06:10:00,11.3,11.3,2,500,2026-11-25 08:00:00,2026-12-08 17:00:00,PT80H0M0S,2026-11-25 08:00:00,2026-12-08 17:00:00,PT80H0M0S,9,7,PT80H0M0S,0,1,0,0,0,0,0,0,0,0,0,0,2026-11-25 08:00:00,2026-12-08 17:00:00,2026-12-02 08:00:00,2026-12-15 17:00:00,0,0,4800000.00,24000,24000,24000,24000,0,3,0,0,0,0,PT0H0M0S,PT0H0M0S,0,0,PT0H0M0S,PT0H0M0S,PT80H0M0S,PT80H0M0S,0,PT80H0M0S,0,PT0H0M0S,0.0,0.0,0,-1,1,1,0,8,0,0,0,0.0,0.0,0,0,1,0,95,80.0,80.0,80.0,0.0,0.0,80.0,80.0,0.0,0.0,80.0
97,05AF3129-42C4-F011-A214-DC45465D50BA,96,Install store front doors and hardware,1,0,0,0,2000-02-22 06:10:00,11.4,11.4,2,500,2026-09-16 08:00:00,2026-10-06 17:00:00,PT120H0M0S,2026-09-16 08:00:00,2026-10-06 17:00:00,PT120H0M0S,9,7,PT120H0M0S,0,1,0,0,0,0,0,0,0,0,0,0,2026-09-16 08:00:00,2026-10-06 17:00:00,2026-11-04 08:00:00,2026-11-24 17:00:00,0,0,7200000.00,168000,168000,168000,168000,0,3,0,0,0,0,PT0H0M0S,PT0H0M0S,0,0,PT0H0M0S,PT0H0M0S,PT120H0M0S,PT120H0M0S,0,PT120H0M0S,0,PT0H0M0S,0.0,0.0,0,-1,1,1,0,8,0,0,0,0.0,0.0,0,0,1,0,82,120.0,120.0,120.0,0.0,0.0,120.0,120.0,0.0,0.0,120.0
98,06AF3129-42C4-F011-A214-DC45465D50BA,97,Building Finishes,1,0,1,0,2000-02-22 06:10:00,12.0,12,1,500,2026-10-21 08:00:00,2027-02-09 17:00:00,PT640H0M0S,2026-10-21 08:00:00,2027-02-09 17:00:00,PT640H0M0S,21,7,PT1200H0M0S,0,0,0,0,0,0,1,0,0,0,0,0,2026-10-21 08:00:00,2027-02-09 17:00:00,2026-11-25 08:00:00,2027-02-18 17:00:00,0,0,72000000.00,33600,33600,120000,33600,0,3,0,0,0,0,PT0H0M0S,PT0H0M0S,0,0,PT0H0M0S,PT0H0M0S,PT1200H0M0S,PT640H0M0S,0,PT1200H0M0S,0,PT0H0M0S,0.0,0.0,0,-1,1,1,0,8,0,0,1,0.0,0.0,0,0,0,0,,640.0,640.0,1200.0,0.0,0.0,640.0,1200.0,0.0,0.0,1200.0
99,07AF3129-42C4-F011-A214-DC45465D50BA,98,Install millwork and wood trim,1,0,0,0,2000-02-22 06:10:00,12.1,12.1,2,500,2026-11-25 08:00:00,2026-12-15 17:00:00,PT120H0M0S,2026-11-25 08:00:00,2026-12-15 17:00:00,PT120H0M0S,9,7,PT120H0M0S,0,1,0,0,0,0,0,0,1,0,0,0,2026-11-25 08:00:00,2026-12-15 17:00:00,2026-11-25 08:00:00,2026-12-15 17:00:00,0,0,7200000.00,0,0,0,0,0,3,0,0,0,0,PT0H0M0S,PT0H0M0S,0,0,PT0H0M0S,PT0H0M0S,PT120H0M0S,PT120H0M0S,0,PT120H0M0S,0,PT0H0M0S,0.0,0.0,0,-1,1,1,0,8,0,0,0,0.0,0.0,0,0,1,0,97;95,120.0,120.0,120.0,0.0,0.0,120.0,120.0,0.0,0.0,120.0
100,08AF3129-42C4-F011-A214-DC45465D50BA,99,Paint walls and woodwork,1,0,0,0,2000-02-22 06:10:00,12.2,12.2,2,500,2026-12-16 08:00:00,2027-01-12 17:00:00,PT160H0M0S,2026-12-16 08:00:00,2027-01-12 17:00:00,PT160H0M0S,9,7,PT160H0M0S,0,1,0,0,0,0,0,0,1,0,0,0,2026-12-16 08:00:00,2027-01-12 17:00:00,2026-12-16 08:00:00,2027-01-12 17:00:00,0,0,9600000.00,0,0,0,0,0,3,0,0,0,0,PT0H0M0S,PT0H0M0S,0,0,PT0H0M0S,PT0H0M0S,PT160H0M0S,PT160H0M0S,0,PT160H0M0S,0,PT0H0M0S,0.0,0.0,0,-1,1,1,0,8,0,0,0,0.0,0.0,0,0,1,0,99;96,160.0,160.0,160.0,0.0,0.0,160.0,160.0,0.0,0.0,160.0
101,09AF3129-42C4-F011-A214-DC45465D50BA,100,Install conduit at ceiling plenum space,1,0,0,0,2000-02-22 06:10:00,12.3,12.3,2,500,2026-10-21 08:00:00,2026-11-10 17:00:00,PT120H0M0S,2026-10-21 08:00:00,2026-11-10 17:00:00,PT120H0M0S,9,7,PT120H0M0S,0,1,0,0,0,0,0,0,0,0,0,0,2026-10-21 08:00:00,2026-11-10 17:00:00,2026-11-25 08:00:00,2026-12-15 17:00:00,0,0,7200000.00,0,120000,120000,120000,0,3,0,0,0,0,PT0H0M0S,PT0H0M0S,0,0,PT0H0M0S,PT0H0M0S,PT120H0M0S,PT120H0M0S,0,PT120H0M0S,0,PT0H0M0S,0.0,0.0,0,-1,1,1,0,8,0,0,0,0.0,0.0,0,0,1,0,94,120.0,120.0,120.0,0.0,0.0,120.0,120.0,0.0,0.0,120.0
102,0AAF3129-42C4-F011-A214-DC45465D50BA,101,Install duct in ceiling plenum space,1,0,0,0,2000-02-22 06:10:00,12.4,12.4,2,500,2026-11-25 08:00:00,2026-12-15 17:00:00,PT120H0M0S,2026-11-25 08:00:00,2026-12-15 17:00:00,PT120H0M0S,9,7,PT120H0M0S,0,1,0,0,0,0,0,0,0,0,0,0,2026-11-25 08:00:00,2026-12-15 17:00:00,2026-12-23 08:00:00,2027-01-12 17:00:00,0,0,7200000.00,0,96000,96000,96000,0,3,0,0,0,0,PT0H0M0S,PT0H0M0S,0,0,PT0H0M0S,PT0H0M0S,PT120H0M0S,PT120H0M0S,0,PT120H0M0S,0,PT0H0M0S,0.0,0.0,0,-1,1,1,0,8,0,0,0,0.0,0.0,0,0,1,0,95;101,120.0,120.0,120.0,0.0,0.0,120.0,120.0,0.0,0.0,120.0
103,0BAF3129-42C4-F011-A214-DC45465D50BA,102,Install ceiling grid,1,0,0,0,2000-02-22 06:10:00,12.5,12.5,2,500,2026-12-16 08:00:00,2026-12-29 17:00:00,PT80H0M0S,2026-12-16 08:00:00,2026-12-29 17:00:00,PT80H0M0S,9,7,PT80H0M0S,0,1,0,0,0,0,0,0,0,0,0,0,2026-12-16 08:00:00,2026-12-29 17:00:00,2027-01-13 08:00:00,2027-01-26 17:00:00,0,0,4800000.00,0,96000,96000,96000,0,3,0,0,0,0,PT0H0M0S,PT0H0M0S,0,0,PT0H0M0S,PT0H0M0S,PT80H0M0S,PT80H0M0S,0,PT80H0M0S,0,PT0H0M0S,0.0,0.0,0,-1,1,1,0,8,0,0,0,0.0,0.0,0,0,1,0,95;102,80.0,80.0,80.0,0.0,0.0,80.0,80.0,0.0,0.0,80.0
104,0CAF3129-42C4-F011-A214-DC45465D50BA,103,Install ceiling tile,1,0,0,0,2000-02-22 06:10:00,12.6,12.6,2,500,2026-12-30 08:00:00,2027-01-12 17:00:00,PT80H0M0S,2026-12-30 08:00:00,2027-01-12 17:00:00,PT80H0M0S,9,7,PT80H0M0S,0,1,0,0,0,0,0,0,0,0,0,0,2026-12-30 08:00:00,2027-01-12 17:00:00,2027-01-27 08:00:00,2027-02-09 17:00:00,0,0,4800000.00,96000,96000,96000,96000,0,3,0,0,0,0,PT0H0M0S,PT0H0M0S,0,0,PT0H0M0S,PT0H0M0S,PT80H0M0S,PT80H0M0S,0,PT80H0M0S,0,PT0H0M0S,0.0,0.0,0,-1,1,1,0,8,0,0,0,0.0,0.0,0,0,1,0,103,80.0,80.0,80.0,0.0,0.0,80.0,80.0,0.0,0.0,80.0
105,0DAF3129-42C4-F011-A214-DC45465D50BA,104,Hang wallpaper,1,0,0,0,2000-02-22 06:10:00,12.7,12.7,2,500,2026-12-30 08:00:00,2027-01-12 17:00:00,PT80H0M0S,2026-12-30 08:00:00,2027-01-12 17:00:00,PT80H0M0S,9,7,PT80H0M0S,0,1,0,0,0,0,0,0,0,0,0,0,2026-12-30 08:00:00,2027-01-12 17:00:00,2027-01-27 08:00:00,2027-02-09 17:00:00,0,0,4800000.00,96000,96000,96000,96000,0,3,0,0,0,0,PT0H0M0S,PT0H0M0S,0,0,PT0H0M0S,PT0H0M0S,PT80H0M0S,PT80H0M0S,0,PT80H0M0S,0,PT0H0M0S,0.0,0.0,0,-1,1,1,0,8,0,0,0,0.0,0.0,0,0,1,0,103,80.0,80.0,80.0,0.0,0.0,80.0,80.0,0.0,0.0,80.0
106,0EAF3129-42C4-F011-A214-DC45465D50BA,105,Install building carpet,1,0,0,0,2000-02-22 06:10:00,12.8,12.8,2,500,2027-01-13 08:00:00,2027-02-09 17:00:00,PT160H0M0S,2027-01-13 08:00:00,2027-02-09 17:00:00,PT160H0M0S,9,7,PT160H0M0S,0,1,0,0,0,0,0,0,1,0,0,0,2027-01-13 08:00:00,2027-02-09 17:00:00,2027-01-13 08:00:00,2027-02-09 17:00:00,0,0,9600000.00,0,0,0,0,0,3,0,0,0,0,PT0H0M0S,PT0H0M0S,0,0,PT0H0M0S,PT0H0M0S,PT160H0M0S,PT160H0M0S,0,PT160H0M0S,0,PT0H0M0S,0.0,0.0,0,-1,1,1,0,8,0,0,0,0.0,0.0,0,0,1,0,100,160.0,160.0,160.0,0.0,0.0,160.0,160.0,0.0,0.0,160.0
107,0FAF3129-42C4-F011-A214-DC45465D50BA,106,Install hardware and accessories,1,0,0,0,2000-02-22 06:10:00,12.9,12.9,2,500,2027-01-13 08:00:00,2027-02-02 17:00:00,PT120H0M0S,2027-01-13 08:00:00,2027-02-02 17:00:00,PT120H0M0S,9,7,PT120H0M0S,0,1,0,0,0,0,0,0,0,0,0,0,2027-01-13 08:00:00,2027-02-02 17:00:00,2027-01-20 08:00:00,2027-02-09 17:00:00,0,0,7200000.00,24000,24000,24000,24000,0,3,0,0,0,0,PT0H0M0S,PT0H0M0S,0,0,PT0H0M0S,PT0H0M0S,PT120H0M0S,PT120H0M0S,0,PT120H0M0S,0,PT0H0M0S,0.0,0.0,0,-1,1,1,0,8,0,0,0,0.0,0.0,0,0,1,0,100,120.0,120.0,120.0,0.0,0.0,120.0,120.0,0.0,0.0,120.0
108,10AF3129-42C4-F011-A214-DC45465D50BA,107,Complete interior and exterior sod and plantings,1,0,0,0,2000-02-22 06:10:00,12.1,12.10,2,500,2027-01-13 08:00:00,2027-01-26 17:00:00,PT80H0M0S,2027-01-13 08:00:00,2027-01-26 17:00:00,PT80H0M0S,9,7,PT80H0M0S,0,1,0,0,0,0,0,0,0,0,0,0,2027-01-13 08:00:00,2027-01-26 17:00:00,2027-01-22 08:00:00,2027-02-04 17:00:00,0,0,4800000.00,0,33600,33600,33600,0,3,0,0,0,0,PT0H0M0S,PT0H0M0S,0,0,PT0H0M0S,PT0H0M0S,PT80H0M0S,PT80H0M0S,0,PT80H0M0S,0,PT0H0M0S,0.0,0.0,0,-1,1,1,0,8,0,0,0,0.0,0.0,0,0,1,0,100,80.0,80.0,80.0,0.0,0.0,80.0,80.0,0.0,0.0,80.0
109,11AF3129-42C4-F011-A214-DC45465D50BA,108,"Pave, curb, and stripe parking lot",1,0,0,0,2000-02-22 06:10:00,12.11,12.11,2,500,2027-01-27 08:00:00,2027-02-09 17:00:00,PT80H0M0S,2027-01-27 08:00:00,2027-02-09 17:00:00,PT80H0M0S,9,7,PT80H0M0S,0,1,0,0,0,0,0,0,0,0,0,0,2027-01-27 08:00:00,2027-02-09 17:00:00,2027-02-05 08:00:00,2027-02-18 17:00:00,0,0,4800000.00,33600,33600,33600,33600,0,3,0,0,0,0,PT0H0M0S,PT0H0M0S,0,0,PT0H0M0S,PT0H0M0S,PT80H0M0S,PT80H0M0S,0,PT80H0M0S,0,PT0H0M0S,0.0,0.0,0,-1,1,1,0,8,0,0,0,0.0,0.0,0,0,1,0,108,80.0,80.0,80.0,0.0,0.0,80.0,80.0,0.0,0.0,80.0
110,12AF3129-42C4-F011-A214-DC45465D50BA,109,Elevators,1,0,1,0,2000-02-22 06:10:00,13.0,13,1,500,2026-05-20 08:00:00,2026-07-14 17:00:00,PT320H0M0S,2026-05-20 08:00:00,2026-07-14 17:00:00,PT320H0M0S,21,7,PT320H0M0S,0,0,0,0,0,0,1,0,0,0,0,0,2026-05-20 08:00:00,2026-07-14 17:00:00,2026-12-22 08:00:00,2027-02-15 17:00:00,0,0,19200000.00,739200,739200,739200,739200,0,3,0,0,0,0,PT0H0M0S,PT0H0M0S,0,0,PT0H0M0S,PT0H0M0S,PT320H0M0S,PT320H0M0S,0,PT320H0M0S,0,PT0H0M0S,0.0,0.0,0,-1,1,1,0,8,0,0,1,0.0,0.0,0,0,0,0,,320.0,320.0,320.0,0.0,0.0,320.0,320.0,0.0,0.0,320.0
111,13AF3129-42C4-F011-A214-DC45465D50BA,110,Set elevator equipment in shafts,1,0,0,0,2000-02-22 06:10:00,13.1,13.1,2,500,2026-05-20 08:00:00,2026-06-16 17:00:00,PT160H0M0S,2026-05-20 08:00:00,2026-06-16 17:00:00,PT160H0M0S,9,7,PT160H0M0S,0,1,0,0,0,0,0,0,0,0,0,0,2026-05-20 08:00:00,2026-06-16 17:00:00,2026-12-22 08:00:00,2027-01-18 17:00:00,0,0,9600000.00,0,739200,739200,739200,0,3,0,0,0,0,PT0H0M0S,PT0H0M0S,0,0,PT0H0M0S,PT0H0M0S,PT160H0M0S,PT160H0M0S,0,PT160H0M0S,0,PT0H0M0S,0.0,0.0,0,-1,1,1,0,8,0,0,0,0.0,0.0,0,0,1,0,81;46;13,160.0,160.0,160.0,0.0,0.0,160.0,160.0,0.0,0.0,160.0
112,14AF3129-42C4-F011-A214-DC45465D50BA,111,Set equipment in mechanical room,1,0,0,0,2000-02-22 06:10:00,13.2,13.2,2,500,2026-06-17 08:00:00,2026-06-30 17:00:00,PT80H0M0S,2026-06-17 08:00:00,2026-06-30 17:00:00,PT80H0M0S,9,7,PT80H0M0S,0,1,0,0,0,0,0,0,0,0,0,0,2026-06-17 08:00:00,2026-06-30 17:00:00,2027-01-19 08:00:00,2027-02-01 17:00:00,0,0,4800000.00,0,739200,739200,739200,0,3,0,0,0,0,PT0H0M0S,PT0H0M0S,0,0,PT0H0M0S,PT0H0M0S,PT80H0M0S,PT80H0M0S,0,PT80H0M0S,0,PT0H0M0S,0.0,0.0,0,-1,1,1,0,8,0,0,0,0.0,0.0,0,0,1,0,111,80.0,80.0,80.0,0.0,0.0,80.0,80.0,0.0,0.0,80.0
113,15AF3129-42C4-F011-A214-DC45465D50BA,112,Test and align doors and equipment,1,0,0,0,2000-02-22 06:10:00,13.3,13.3,2,500,2026-07-01 08:00:00,2026-07-14 17:00:00,PT80H0M0S,2026-07-01 08:00:00,2026-07-14 17:00:00,PT80H0M0S,9,7,PT80H0M0S,0,1,0,0,0,0,0,0,0,0,0,0,2026-07-01 08:00:00,2026-07-14 17:00:00,2027-02-02 08:00:00,2027-02-15 17:00:00,0,0,4800000.00,739200,739200,739200,739200,0,3,0,0,0,0,PT0H0M0S,PT0H0M0S,0,0,PT0H0M0S,PT0H0M0S,PT80H0M0S,PT80H0M0S,0,PT80H0M0S,0,PT0H0M0S,0.0,0.0,0,-1,1,1,0,8,0,0,0,0.0,0.0,0,0,1,0,112,80.0,80.0,80.0,0.0,0.0,80.0,80.0,0.0,0.0,80.0
114,16AF3129-42C4-F011-A214-DC45465D50BA,113,Plumbing,1,0,1,0,2000-02-22 06:10:00,14.0,14,1,500,2026-09-23 08:00:00,2027-01-26 17:00:00,PT720H0M0S,2026-09-23 08:00:00,2027-01-26 17:00:00,PT720H0M0S,21,7,PT440H0M0S,0,0,0,0,0,0,1,0,0,0,0,0,2026-09-23 08:00:00,2027-01-26 17:00:00,2026-12-09 08:00:00,2027-02-09 17:00:00,0,0,26400000.00,48000,48000,264000,48000,0,3,0,0,0,0,PT0H0M0S,PT0H0M0S,0,0,PT0H0M0S,PT0H0M0S,PT440H0M0S,PT720H0M0S,0,PT440H0M0S,0,PT0H0M0S,0.0,0.0,0,-1,1,1,0,8,0,0,1,0.0,0.0,0,0,0,0,,720.0,720.0,440.0,0.0,0.0,720.0,440.0,0.0,0.0,440.0
115,17AF3129-42C4-F011-A214-DC45465D50BA,114,Rough-in plumbing in drywall walls,1,0,0,0,2000-02-22 06:10:00,14.1,14.1,2,500,2026-10-21 08:00:00,2026-11-17 17:00:00,PT160H0M0S,2026-10-21 08:00:00,2026-11-17 17:00:00,PT160H0M0S,9,7,PT160H0M0S,0,1,0,0,0,0,0,0,0,0,0,0,2026-10-21 08:00:00,2026-11-17 17:00:00,2026-12-09 08:00:00,2027-01-05 17:00:00,0,0,9600000.00,0,168000,168000,168000,0,3,0,0,0,0,PT0H0M0S,PT0H0M0S,0,0,PT0H0M0S,PT0H0M0S,PT160H0M0S,PT160H0M0S,0,PT160H0M0S,0,PT0H0M0S,0.0,0.0,0,-1,1,1,0,8,0,0,0,0.0,0.0,0,0,1,0,94,160.0,160.0,160.0,0.0,0.0,160.0,160.0,0.0,0.0,160.0
116,18AF3129-42C4-F011-A214-DC45465D50BA,115,Tie-in fire line riser and set valves,1,0,0,0,2000-02-22 06:10:00,14.2,14.2,2,500,2026-09-23 08:00:00,2026-10-06 17:00:00,PT80H0M0S,2026-09-23 08:00:00,2026-10-06 17:00:00,PT80H0M0S,9,7,PT80H0M0S,0,1,0,0,0,0,0,0,0,0,0,0,2026-09-23 08:00:00,2026-10-06 17:00:00,2027-01-13 08:00:00,2027-01-26 17:00:00,0,0,4800000.00,336000,384000,384000,384000,0,3,0,0,0,0,PT0H0M0S,PT0H0M0S,0,0,PT0H0M0S,PT0H0M0S,PT80H0M0S,PT80H0M0S,0,PT80H0M0S,0,PT0H0M0S,0.0,0.0,0,-1,1,1,0,8,0,0,0,0.0,0.0,0,0,1,0,85,80.0,80.0,80.0,0.0,0.0,80.0,80.0,0.0,0.0,80.0
117,19AF3129-42C4-F011-A214-DC45465D50BA,116,Set plumbing fixtures and trim,1,0,0,0,2000-02-22 06:10:00,14.3,14.3,2,500,2026-11-18 08:00:00,2026-12-08 17:00:00,PT120H0M0S,2026-11-18 08:00:00,2026-12-08 17:00:00,PT120H0M0S,9,7,PT120H0M0S,0,1,0,0,0,0,0,0,0,0,0,0,2026-11-18 08:00:00,2026-12-08 17:00:00,2027-01-06 08:00:00,2027-01-26 17:00:00,0,0,7200000.00,120000,168000,168000,168000,0,3,0,0,0,0,PT0H0M0S,PT0H0M0S,0,0,PT0H0M0S,PT0H0M0S,PT120H0M0S,PT120H0M0S,0,PT120H0M0S,0,PT0H0M0S,0.0,0.0,0,-1,1,1,0,8,0,0,0,0.0,0.0,0,0,1,0,86;115;80,120.0,120.0,120.0,0.0,0.0,120.0,120.0,0.0,0.0,120.0
118,1AAF3129-42C4-F011-A214-DC45465D50BA,117,"Flush, test, and clean piping and fixtures",1,0,0,0,2000-02-22 06:10:00,14.4,14.4,2,500,2027-01-13 08:00:00,2027-01-26 17:00:00,PT80H0M0S,2027-01-13 08:00:00,2027-01-26 17:00:00,PT80H0M0S,9,7,PT80H0M0S,0,1,0,0,0,0,0,0,0,0,0,0,2027-01-13 08:00:00,2027-01-26 17:00:00,2027-01-27 08:00:00,2027-02-09 17:00:00,0,0,4800000.00,48000,48000,48000,48000,0,3,0,0,0,0,PT0H0M0S,PT0H0M0S,0,0,PT0H0M0S,PT0H0M0S,PT80H0M0S,PT80H0M0S,0,PT80H0M0S,0,PT0H0M0S,0.0,0.0,0,-1,1,1,0,8,0,0,0,0.0,0.0,0,0,1,0,100;116;117,80.0,80.0,80.0,0.0,0.0,80.0,80.0,0.0,0.0,80.0
119,1BAF3129-42C4-F011-A214-DC45465D50BA,118,Electrical,1,0,1,0,2000-02-22 06:10:00,15.0,15,1,500,2026-07-02 08:00:00,2027-01-12 17:00:00,PT1112H0M0S,2026-07-02 08:00:00,2027-01-12 17:00:00,PT1112H0M0S,21,7,PT656H0M0S,0,0,0,0,0,0,1,0,0,0,0,0,2026-07-02 08:00:00,2027-01-12 17:00:00,2026-11-18 08:00:00,2027-02-12 17:00:00,0,0,39360000.00,110400,110400,475200,110400,0,3,0,0,0,0,PT0H0M0S,PT0H0M0S,0,0,PT0H0M0S,PT0H0M0S,PT656H0M0S,PT1112H0M0S,0,PT656H0M0S,0,PT0H0M0S,0.0,0.0,0,-1,1,1,0,8,0,0,1,0.0,0.0,0,0,0,0,,1112.0,1112.0,656.0,0.0,0.0,1112.0,656.0,0.0,0.0,656.0
120,1CAF3129-42C4-F011-A214-DC45465D50BA,119,Rough-in electrical in masonry walls,1,0,0,0,2000-02-22 06:10:00,15.1,15.1,2,500,2026-07-02 08:00:00,2026-07-29 17:00:00,PT160H0M0S,2026-07-02 08:00:00,2026-07-29 17:00:00,PT160H0M0S,9,7,PT160H0M0S,0,1,0,0,0,0,0,0,0,0,0,0,2026-07-02 08:00:00,2026-07-29 17:00:00,2026-11-18 08:00:00,2026-12-15 17:00:00,0,0,9600000.00,355200,475200,475200,475200,0,3,0,0,0,0,PT0H0M0S,PT0H0M0S,0,0,PT0H0M0S,PT0H0M0S,PT160H0M0S,PT160H0M0S,0,PT160H0M0S,0,PT0H0M0S,0.0,0.0,0,-1,1,1,0,8,0,0,0,0.0,0.0,0,0,1,0,76;15,160.0,160.0,160.0,0.0,0.0,160.0,160.0,0.0,0.0,160.0
121,1DAF3129-42C4-F011-A214-DC45465D50BA,120,Rough-in electrical in drywall walls,1,0,0,0,2000-02-22 06:10:00,15.2,15.2,2,500,2026-10-21 08:00:00,2026-11-17 17:00:00,PT160H0M0S,2026-10-21 08:00:00,2026-11-17 17:00:00,PT160H0M0S,9,7,PT160H0M0S,0,1,0,0,0,0,0,0,0,0,0,0,2026-10-21 08:00:00,2026-11-17 17:00:00,2026-12-09 08:00:00,2027-01-05 17:00:00,0,0,9600000.00,48000,168000,168000,168000,0,3,0,0,0,0,PT0H0M0S,PT0H0M0S,0,0,PT0H0M0S,PT0H0M0S,PT160H0M0S,PT160H0M0S,0,PT160H0M0S,0,PT0H0M0S,0.0,0.0,0,-1,1,1,0,8,0,0,0,0.0,0.0,0,0,1,0,94,160.0,160.0,160.0,0.0,0.0,160.0,160.0,0.0,0.0,160.0
122,1EAF3129-42C4-F011-A214-DC45465D50BA,121,Pull wire in conduit and set area transformers,1,0,0,0,2000-02-22 06:10:00,15.3,15.3,2,500,2026-11-11 08:00:00,2026-12-01 17:00:00,PT120H0M0S,2026-11-11 08:00:00,2026-12-01 17:00:00,PT120H0M0S,9,7,PT120H0M0S,0,1,0,0,0,0,0,0,0,0,0,0,2026-11-11 08:00:00,2026-12-01 17:00:00,2026-12-16 08:00:00,2027-01-05 17:00:00,0,0,7200000.00,0,120000,120000,120000,0,3,0,0,0,0,PT0H0M0S,PT0H0M0S,0,0,PT0H0M0S,PT0H0M0S,PT120H0M0S,PT120H0M0S,0,PT120H0M0S,0,PT0H0M0S,0.0,0.0,0,-1,1,1,0,8,0,0,0,0.0,0.0,0,0,1,0,120;101,120.0,120.0,120.0,0.0,0.0,120.0,120.0,0.0,0.0,120.0
123,1FAF3129-42C4-F011-A214-DC45465D50BA,122,Install and terminate electrical devices,1,0,0,0,2000-02-22 06:10:00,15.4,15.4,2,500,2026-12-02 08:00:00,2026-12-22 17:00:00,PT120H0M0S,2026-12-02 08:00:00,2026-12-22 17:00:00,PT120H0M0S,9,7,PT120H0M0S,0,1,0,0,0,0,0,0,0,0,0,0,2026-12-02 08:00:00,2026-12-22 17:00:00,2027-01-06 08:00:00,2027-01-26 17:00:00,0,0,7200000.00,24000,120000,120000,120000,0,3,0,0,0,0,PT0H0M0S,PT0H0M0S,0,0,PT0H0M0S,PT0H0M0S,PT120H0M0S,PT120H0M0S,0,PT120H0M0S,0,PT0H0M0S,0.0,0.0,0,-1,1,1,0,8,0,0,0,0.0,0.0,0,0,1,0,122;121,120.0,120.0,120.0,0.0,0.0,120.0,120.0,0.0,0.0,120.0
124,20AF3129-42C4-F011-A214-DC45465D50BA,123,Make electrical terminations for HVAC equipment,1,0,0,0,2000-02-22 06:10:00,15.5,15.5,2,500,2026-12-02 08:00:00,2026-12-03 17:00:00,PT16H0M0S,2026-12-02 08:00:00,2026-12-03 17:00:00,PT16H0M0S,7,7,PT16H0M0S,0,1,0,0,0,0,0,0,0,0,0,0,2026-12-02 08:00:00,2026-12-03 17:00:00,2027-02-11 08:00:00,2027-02-12 17:00:00,0,0,960000.00,86400,244800,244800,244800,0,3,0,0,0,0,PT0H0M0S,PT0H0M0S,0,0,PT0H0M0S,PT0H0M0S,PT16H0M0S,PT16H0M0S,0,PT16H0M0S,0,PT0H0M0S,0.0,0.0,0,-1,1,1,0,8,0,0,0,0.0,0.0,0,0,1,0,122;92,16.0,16.0,16.0,0.0,0.0,16.0,16.0,0.0,0.0,16.0
125,21AF3129-42C4-F011-A214-DC45465D50BA,124,Install light fixtures - test and clean,1,0,0,0,2000-02-22 06:10:00,15.6,15.6,2,500,2026-12-30 08:00:00,2027-01-12 17:00:00,PT80H0M0S,2026-12-30 08:00:00,2027-01-12 17:00:00,PT80H0M0S,9,7,PT80H0M0S,0,1,0,0,0,0,0,0,0,0,0,0,2026-12-30 08:00:00,2027-01-12 17:00:00,2027-01-27 08:00:00,2027-02-09 17:00:00,0,0,4800000.00,96000,96000,96000,96000,0,3,0,0,0,0,PT0H0M0S,PT0H0M0S,0,0,PT0H0M0S,PT0H0M0S,PT80H0M0S,PT80H0M0S,0,PT80H0M0S,0,PT0H0M0S,0.0,0.0,0,-1,1,1,0,8,0,0,0,0.0,0.0,0,0,1,0,103;123,80.0,80.0,80.0,0.0,0.0,80.0,80.0,0.0,0.0,80.0
126,22AF3129-42C4-F011-A214-DC45465D50BA,125,Heating and Ventilating - AC,1,0,1,0,2000-02-22 06:10:00,16.0,16,1,500,2026-05-20 08:00:00,2027-01-26 17:00:00,PT1440H0M0S,2026-05-20 08:00:00,2027-01-26 17:00:00,PT1440H0M0S,21,7,PT600H0M0S,0,0,0,0,0,0,1,0,0,0,0,0,2026-05-20 08:00:00,2027-01-26 17:00:00,2026-12-28 08:00:00,2027-03-12 17:00:00,0,0,36000000.00,158400,158400,758400,158400,0,3,0,0,0,0,PT0H0M0S,PT0H0M0S,0,0,PT0H0M0S,PT0H0M0S,PT600H0M0S,PT1440H0M0S,0,PT600H0M0S,0,PT0H0M0S,0.0,0.0,0,-1,1,1,0,8,0,0,1,0.0,0.0,0,0,0,0,,1440.0,1440.0,600.0,0.0,0.0,1440.0,600.0,0.0,0.0,600.0
127,23AF3129-42C4-F011-A214-DC45465D50BA,126,Set equipment in mechanical room,1,0,0,0,2000-02-22 06:10:00,16.1,16.1,2,500,2026-05-20 08:00:00,2026-06-02 17:00:00,PT80H0M0S,2026-05-20 08:00:00,2026-06-02 17:00:00,PT80H0M0S,9,7,PT80H0M0S,0,1,0,0,0,0,0,0,0,0,0,0,2026-05-20 08:00:00,2026-06-02 17:00:00,2027-01-11 08:00:00,2027-01-22 17:00:00,0,0,4800000.00,480000,806400,806400,806400,0,3,0,0,0,0,PT0H0M0S,PT0H0M0S,0,0,PT0H0M0S,PT0H0M0S,PT80H0M0S,PT80H0M0S,0,PT80H0M0S,0,PT0H0M0S,0.0,0.0,0,-1,1,1,0,8,0,0,0,0.0,0.0,0,0,1,0,81;16,80.0,80.0,80.0,0.0,0.0,80.0,80.0,0.0,0.0,80.0
128,24AF3129-42C4-F011-A214-DC45465D50BA,127,Rough-in mechanical in masonry walls,1,0,0,0,2000-02-22 06:10:00,16.2,16.2,2,500,2026-07-02 08:00:00,2026-07-29 17:00:00,PT160H0M0S,2026-07-02 08:00:00,2026-07-29 17:00:00,PT160H0M0S,9,7,PT160H0M0S,0,1,0,0,0,0,0,0,0,0,0,0,2026-07-02 08:00:00,2026-07-29 17:00:00,2026-12-28 08:00:00,2027-01-22 17:00:00,0,0,9600000.00,283200,609600,609600,609600,0,3,0,0,0,0,PT0H0M0S,PT0H0M0S,0,0,PT0H0M0S,PT0H0M0S,PT160H0M0S,PT160H0M0S,0,PT160H0M0S,0,PT0H0M0S,0.0,0.0,0,-1,1,1,0,8,0,0,0,0.0,0.0,0,0,1,0,76,160.0,160.0,160.0,0.0,0.0,160.0,160.0,0.0,0.0,160.0
129,25AF3129-42C4-F011-A214-DC45465D50BA,128,Rough-in mechanical in drywall walls,1,0,0,0,2000-02-22 06:10:00,16.3,16.3,2,500,2026-10-21 08:00:00,2026-11-03 17:00:00,PT80H0M0S,2026-10-21 08:00:00,2026-11-03 17:00:00,PT80H0M0S,9,7,PT80H0M0S,0,1,0,0,0,0,0,0,0,0,0,0,2026-10-21 08:00:00,2026-11-03 17:00:00,2027-03-01 08:00:00,2027-03-12 17:00:00,0,0,4800000.00,446400,446400,446400,446400,0,3,0,0,0,0,PT0H0M0S,PT0H0M0S,0,0,PT0H0M0S,PT0H0M0S,PT80H0M0S,PT80H0M0S,0,PT80H0M0S,0,PT0H0M0S,0.0,0.0,0,-1,1,1,0,8,0,0,0,0.0,0.0,0,0,1,0,94,80.0,80.0,80.0,0.0,0.0,80.0,80.0,0.0,0.0,80.0
130,26AF3129-42C4-F011-A214-DC45465D50BA,129,Install duct in building chase,1,0,0,0,2000-02-22 06:10:00,16.4,16.4,2,500,2026-10-21 08:00:00,2026-11-10 17:00:00,PT120H0M0S,2026-10-21 08:00:00,2026-11-10 17:00:00,PT120H0M0S,9,7,PT120H0M0S,0,1,0,0,0,0,0,0,0,0,0,0,2026-10-21 08:00:00,2026-11-10 17:00:00,2027-01-25 08:00:00,2027-02-12 17:00:00,0,0,7200000.00,168000,326400,326400,326400,0,3,0,0,0,0,PT0H0M0S,PT0H0M0S,0,0,PT0H0M0S,PT0H0M0S,PT120H0M0S,PT120H0M0S,0,PT120H0M0S,0,PT0H0M0S,0.0,0.0,0,-1,1,1,0,8,0,0,0,0.0,0.0,0,0,1,0,127;128;94,120.0,120.0,120.0,0.0,0.0,120.0,120.0,0.0,0.0,120.0
131,27AF3129-42C4-F011-A214-DC45465D50BA,130,Set HVAC trim and test and balance system,1,0,0,0,2000-02-22 06:10:00,16.5,16.5,2,500,2026-12-30 08:00:00,2027-01-26 17:00:00,PT160H0M0S,2026-12-30 08:00:00,2027-01-26 17:00:00,PT160H0M0S,9,7,PT160H0M0S,0,1,0,0,0,0,0,0,0,0,0,0,2026-12-30 08:00:00,2027-01-26 17:00:00,2027-02-15 08:00:00,2027-03-12 17:00:00,0,0,9600000.00,158400,158400,158400,158400,0,3,0,0,0,0,PT0H0M0S,PT0H0M0S,0,0,PT0H0M0S,PT0H0M0S,PT160H0M0S,PT160H0M0S,0,PT160H0M0S,0,PT0H0M0S,0.0,0.0,0,-1,1,1,0,8,0,0,0,0.0,0.0,0,0,1,0,103;130;124,160.0,160.0,160.0,0.0,0.0,160.0,160.0,0.0,0.0,160.0
132,28AF3129-42C4-F011-A214-DC45465D50BA,131,Final Clean-up and Occupancy,1,0,1,0,2000-02-22 06:10:00,17.0,17,1,500,2026-11-25 08:00:00,2027-02-16 17:00:00,PT480H0M0S,2026-11-25 08:00:00,2027-02-16 17:00:00,PT480H0M0S,21,7,PT96H0M0S,0,0,0,0,0,0,1,0,0,0,0,0,2026-11-25 08:00:00,2027-02-16 17:00:00,2027-01-28 08:00:00,2027-03-12 17:00:00,0,0,5760000.00,86400,86400,220800,86400,0,3,0,0,0,0,PT0H0M0S,PT0H0M0S,0,0,PT0H0M0S,PT0H0M0S,PT96H0M0S,PT480H0M0S,0,PT96H0M0S,0,PT0H0M0S,0.0,0.0,0,-1,1,1,0,8,0,0,1,0.0,0.0,0,0,0,0,,480.0,480.0,96.0,0.0,0.0,480.0,96.0,0.0,0.0,96.0
133,29AF3129-42C4-F011-A214-DC45465D50BA,132,Install hard tile flooring in common areas,1,0,0,0,2000-02-22 06:10:00,17.1,17.1,2,500,2026-11-25 08:00:00,2026-12-01 17:00:00,PT40H0M0S,2026-11-25 08:00:00,2026-12-01 17:00:00,PT40H0M0S,9,7,PT40H0M0S,0,1,0,0,0,0,0,0,0,0,0,0,2026-11-25 08:00:00,2026-12-01 17:00:00,2027-01-28 08:00:00,2027-02-03 17:00:00,0,0,2400000.00,0,220800,220800,220800,0,3,0,0,0,0,PT0H0M0S,PT0H0M0S,0,0,PT0H0M0S,PT0H0M0S,PT40H0M0S,PT40H0M0S,0,PT40H0M0S,0,PT0H0M0S,0.0,0.0,0,-1,1,1,0,8,0,0,0,0.0,0.0,0,0,1,0,95,40.0,40.0,40.0,0.0,0.0,40.0,40.0,0.0,0.0,40.0
134,2AAF3129-42C4-F011-A214-DC45465D50BA,133,Clean hard tile floors,1,0,0,0,2000-02-22 06:10:00,17.2,17.2,2,500,2026-12-02 08:00:00,2026-12-07 17:00:00,PT32H0M0S,2026-12-02 08:00:00,2026-12-07 17:00:00,PT32H0M0S,7,7,PT16H0M0S,0,1,0,0,0,0,0,0,0,0,0,0,2026-12-02 08:00:00,2026-12-07 17:00:00,2027-02-04 08:00:00,2027-02-09 17:00:00,0,0,960000.00,220800,220800,220800,220800,0,3,0,0,0,0,PT0H0M0S,PT0H0M0S,0,0,PT0H0M0S,PT0H0M0S,PT16H0M0S,PT32H0M0S,0,PT16H0M0S,0,PT0H0M0S,0.0,0.0,0,-1,1,1,0,8,0,0,0,0.0,0.0,0,0,1,0,133,32.0,32.0,16.0,0.0,0.0,32.0,16.0,0.0,0.0,16.0
135,2BAF3129-42C4-F011-A214-DC45465D50BA,134,Remove debris from building and do final clean-up,1,0,0,0,2000-02-22 06:10:00,17.3,17.3,2,500,2027-02-10 08:00:00,2027-02-15 17:00:00,PT32H0M0S,2027-02-10 08:00:00,2027-02-15 17:00:00,PT32H0M0S,7,7,PT32H0M0S,0,1,0,0,0,0,0,0,1,0,0,0,2027-02-10 08:00:00,2027-02-15 17:00:00,2027-02-10 08:00:00,2027-02-15 17:00:00,0,0,1920000.00,0,0,0,0,0,3,0,0,0,0,PT0H0M0S,PT0H0M0S,0,0,PT0H0M0S,PT0H0M0S,PT32H0M0S,PT32H0M0S,0,PT32H0M0S,0,PT0H0M0S,0.0,0.0,0,-1,1,1,0,8,0,0,0,0.0,0.0,0,0,1,0,106;105;107;108;118;125;104;134,32.0,32.0,32.0,0.0,0.0,32.0,32.0,0.0,0.0,32.0
136,2CAF3129-42C4-F011-A214-DC45465D50BA,135,Substantial completion date,1,0,0,0,2000-02-22 06:10:00,17.4,17.4,2,500,2027-02-16 08:00:00,2027-02-16 17:00:00,PT8H0M0S,2027-02-16 08:00:00,2027-02-16 17:00:00,PT8H0M0S,7,7,PT8H0M0S,0,1,0,0,0,0,0,0,0,0,0,0,2027-02-16 08:00:00,2027-02-16 17:00:00,2027-03-12 08:00:00,2027-03-12 17:00:00,0,0,480000.00,86400,86400,86400,86400,0,3,0,0,0,0,PT0H0M0S,PT0H0M0S,0,0,PT0H0M0S,PT0H0M0S,PT8H0M0S,PT8H0M0S,0,PT8H0M0S,0,PT0H0M0S,0.0,0.0,0,-1,1,1,0,8,0,0,0,0.0,0.0,0,0,1,0,135,8.0,8.0,8.0,0.0,0.0,8.0,8.0,0.0,0.0,8.0
137,2DAF3129-42C4-F011-A214-DC45465D50BA,136,Complete Final Inspections,1,0,1,0,2000-02-22 06:10:00,18.0,18,1,500,2027-02-16 08:00:00,2027-02-23 17:00:00,PT48H0M0S,2027-02-16 08:00:00,2027-02-23 17:00:00,PT48H0M0S,21,7,PT48H0M0S,0,0,0,0,0,0,1,0,1,0,0,0,2027-02-16 08:00:00,2027-02-23 17:00:00,2027-02-16 08:00:00,2027-02-23 17:00:00,0,0,2880000.00,0,0,0,0,0,3,0,0,0,0,PT0H0M0S,PT0H0M0S,0,0,PT0H0M0S,PT0H0M0S,PT48H0M0S,PT48H0M0S,0,PT48H0M0S,0,PT0H0M0S,0.0,0.0,0,-1,1,1,0,8,0,0,1,0.0,0.0,0,0,0,0,,48.0,48.0,48.0,0.0,0.0,48.0,48.0,0.0,0.0,48.0
138,2EAF3129-42C4-F011-A214-DC45465D50BA,137,Complete elevator inspection and certification,1,0,0,0,2000-02-22 06:10:00,18.1,18.1,2,500,2027-02-16 08:00:00,2027-02-18 17:00:00,PT24H0M0S,2027-02-16 08:00:00,2027-02-18 17:00:00,PT24H0M0S,7,7,PT24H0M0S,0,1,0,0,0,0,0,0,1,0,0,0,2027-02-16 08:00:00,2027-02-18 17:00:00,2027-02-16 08:00:00,2027-02-18 17:00:00,0,0,1440000.00,0,0,0,0,0,3,0,0,0,0,PT0H0M0S,PT0H0M0S,0,0,PT0H0M0S,PT0H0M0S,PT24H0M0S,PT24H0M0S,0,PT24H0M0S,0,PT0H0M0S,0.0,0.0,0,-1,1,1,0,8,0,0,0,0.0,0.0,0,0,1,0,135;113,24.0,24.0,24.0,0.0,0.0,24.0,24.0,0.0,0.0,24.0
139,2FAF3129-42C4-F011-A214-DC45465D50BA,138,Perform architect's inspection,1,0,0,0,2000-02-22 06:10:00,18.2,18.2,2,500,2027-02-19 08:00:00,2027-02-19 17:00:00,PT8H0M0S,2027-02-19 08:00:00,2027-02-19 17:00:00,PT8H0M0S,7,7,PT8H0M0S,0,1,0,0,0,0,0,0,1,0,0,0,2027-02-19 08:00:00,2027-02-19 17:00:00,2027-02-19 08:00:00,2027-02-19 17:00:00,0,0,480000.00,0,0,0,0,0,3,0,0,0,0,PT0H0M0S,PT0H0M0S,0,0,PT0H0M0S,PT0H0M0S,PT8H0M0S,PT8H0M0S,0,PT8H0M0S,0,PT0H0M0S,0.0,0.0,0,-1,1,1,0,8,0,0,0,0.0,0.0,0,0,1,0,135;109;138,8.0,8.0,8.0,0.0,0.0,8.0,8.0,0.0,0.0,8.0
140,30AF3129-42C4-F011-A214-DC45465D50BA,139,Perform local building agency inspection,1,0,0,0,2000-02-22 06:10:00,18.3,18.3,2,500,2027-02-22 08:00:00,2027-02-22 17:00:00,PT8H0M0S,2027-02-22 08:00:00,2027-02-22 17:00:00,PT8H0M0S,7,7,PT8H0M0S,0,1,0,0,0,0,0,0,1,0,0,0,2027-02-22 08:00:00,2027-02-22 17:00:00,2027-02-22 08:00:00,2027-02-22 17:00:00,0,0,480000.00,0,0,0,0,0,3,0,0,0,0,PT0H0M0S,PT0H0M0S,0,0,PT0H0M0S,PT0H0M0S,PT8H0M0S,PT8H0M0S,0,PT8H0M0S,0,PT0H0M0S,0.0,0.0,0,-1,1,1,0,8,0,0,0,0.0,0.0,0,0,1,0,139,8.0,8.0,8.0,0.0,0.0,8.0,8.0,0.0,0.0,8.0
141,31AF3129-42C4-F011-A214-DC45465D50BA,140,Perform Fire Marshal's inspection,1,0,0,0,2000-02-22 06:10:00,18.4,18.4,2,500,2027-02-23 08:00:00,2027-02-23 17:00:00,PT8H0M0S,2027-02-23 08:00:00,2027-02-23 17:00:00,PT8H0M0S,7,7,PT8H0M0S,0,1,0,0,0,0,0,0,1,0,0,0,2027-02-23 08:00:00,2027-02-23 17:00:00,2027-02-23 08:00:00,2027-02-23 17:00:00,0,0,480000.00,0,0,0,0,0,3,0,0,0,0,PT0H0M0S,PT0H0M0S,0,0,PT0H0M0S,PT0H0M0S,PT8H0M0S,PT8H0M0S,0,PT8H0M0S,0,PT0H0M0S,0.0,0.0,0,-1,1,1,0,8,0,0,0,0.0,0.0,0,0,1,0,140,8.0,8.0,8.0,0.0,0.0,8.0,8.0,0.0,0.0,8.0
142,32AF3129-42C4-F011-A214-DC45465D50BA,141,Complete punch list items from all inspections,1,0,0,0,2000-02-22 06:10:00,19.0,19,1,500,2027-02-24 08:00:00,2027-03-09 17:00:00,PT80H0M0S,2027-02-24 08:00:00,2027-03-09 17:00:00,PT80H0M0S,9,7,PT79H12M0S,0,1,0,0,0,0,0,0,1,0,0,0,2027-02-24 08:00:00,2027-03-09 17:00:00,2027-02-24 08:00:00,2027-03-09 17:00:00,0,0,4752000.00,0,0,0,0,0,3,0,0,0,0,PT0H0M0S,PT0H0M0S,0,0,PT0H0M0S,PT0H0M0S,PT79H12M0S,PT80H0M0S,0,PT79H12M0S,0,PT0H0M0S,0.0,0.0,0,-1,1,1,0,8,0,0,0,0.0,0.0,0,0,1,0,141,80.0,80.0,79.2,0.0,0.0,80.0,79.2,0.0,0.0,79.2
143,33AF3129-42C4-F011-A214-DC45465D50BA,142,Obtain certificate of occupancy,1,0,0,0,2000-02-22 06:10:00,20.0,20,1,500,2027-03-10 08:00:00,2027-03-11 17:00:00,PT16H0M0S,2027-03-10 08:00:00,2027-03-11 17:00:00,PT16H0M0S,7,7,PT16H0M0S,0,1,0,0,0,0,0,0,1,0,0,0,2027-03-10 08:00:00,2027-03-11 17:00:00,2027-03-10 08:00:00,2027-03-11 17:00:00,0,0,960000.00,0,0,0,0,0,3,0,0,0,0,PT0H0M0S,PT0H0M0S,0,0,PT0H0M0S,PT0H0M0S,PT16H0M0S,PT16H0M0S,0,PT16H0M0S,0,PT0H0M0S,0.0,0.0,0,-1,1,1,0,8,0,0,0,0.0,0.0,0,0,1,0,142,16.0,16.0,16.0,0.0,0.0,16.0,16.0,0.0,0.0,16.0
144,34AF3129-42C4-F011-A214-DC45465D50BA,143,Issue final completion documents including warranties,1,0,0,0,2000-02-22 06:10:00,21.0,21,1,500,2027-03-10 08:00:00,2027-03-10 17:00:00,PT8H0M0S,2027-03-10 08:00:00,2027-03-10 17:00:00,PT8H0M0S,7,7,PT8H0M0S,0,1,0,0,0,0,0,0,0,0,0,0,2027-03-10 08:00:00,2027-03-10 17:00:00,2027-03-11 08:00:00,2027-03-11 17:00:00,0,0,480000.00,4800,4800,4800,4800,0,3,0,0,0,0,PT0H0M0S,PT0H0M0S,0,0,PT0H0M0S,PT0H0M0S,PT8H0M0S,PT8H0M0S,0,PT8H0M0S,0,PT0H0M0S,0.0,0.0,0,-1,1,1,0,8,0,0,0,0.0,0.0,0,0,1,0,142,8.0,8.0,8.0,0.0,0.0,8.0,8.0,0.0,0.0,8.0
145,35AF3129-42C4-F011-A214-DC45465D50BA,144,Issue final request for payment,1,0,0,0,2000-02-22 06:10:00,22.0,22,1,500,2027-03-12 08:00:00,2027-03-12 17:00:00,PT8H0M0S,2027-03-12 08:00:00,2027-03-12 17:00:00,PT8H0M0S,7,7,PT7H55M12S,0,1,0,0,0,0,0,0,1,0,0,0,2027-03-12 08:00:00,2027-03-12 17:00:00,2027-03-12 08:00:00,2027-03-12 17:00:00,0,0,475000.00,0,0,0,0,0,3,0,0,0,0,PT0H0M0S,PT0H0M0S,0,0,PT0H0M0S,PT0H0M0S,PT7H55M0S,PT8H0M0S,0,PT7H55M12S,0,PT0H0M0S,0.0,0.0,0,-1,1,1,0,8,0,0,0,0.0,0.0,0,0,1,0,143;144,8.0,8.0,7.916666666666667,0.0,0.0,8.0,7.916666666666667,0.0,0.0,7.916666666666667
